# fpl-mirror player_history — gameweeks=1,2,3 rows=1890 fetched=2026-09-07T16:58:33+00:00
# One row per player per completed gameweek, appended as the season runs.
# Source: /api/event/{id}/live/. A gameweek lands once FPL sets data_checked=true.
# opponent_team is the FPL short code. In a double gameweek fixture_id, opponent_team and was_home carry both entries joined by '|', and every other column is the gameweek total across them.
gw,player_id,minutes,starts,total_points,goals_scored,assists,clean_sheets,goals_conceded,own_goals,penalties_saved,penalties_missed,yellow_cards,red_cards,saves,bonus,bps,influence,creativity,threat,ict_index,expected_goals,expected_assists,expected_goal_involvements,expected_goals_conceded,defensive_contribution,clearances_blocks_interceptions,tackles,recoveries,fixture_id,opponent_team,was_home
1,1,90,1,6,0,0,1,0,0,0,0,0,0,1,0,24,11.8,0.0,0.0,1.2,0.00,0.00,0.00,0.20,0,1,0,8,1,COV,true
1,2,0,0,0,0,0,0,0,0,0,0,0,0,0,0,0,0.0,0.0,0.0,0.0,0.00,0.00,0.00,0.00,0,0,0,0,1,COV,true
1,3,0,0,0,0,0,0,0,0,0,0,0,0,0,0,0,0.0,0.0,0.0,0.0,0.00,0.00,0.00,0.00,0,0,0,0,1,COV,true
1,4,90,1,5,0,0,1,0,0,0,0,1,0,0,0,21,6.6,1.8,1.0,0.9,0.05,0.01,0.06,0.20,4,4,0,2,1,COV,true
1,5,0,0,0,0,0,0,0,0,0,0,0,0,0,0,0,0.0,0.0,0.0,0.0,0.00,0.00,0.00,0.00,0,0,0,0,1,COV,true
1,6,0,0,0,0,0,0,0,0,0,0,0,0,0,0,0,0.0,0.0,0.0,0.0,0.00,0.00,0.00,0.00,0,0,0,0,1,COV,true
1,7,90,1,3,0,0,1,0,0,0,0,0,0,0,0,15,11.0,22.9,7.0,4.1,0.06,0.11,0.17,0.20,7,1,1,5,1,COV,true
1,8,80,1,9,0,1,1,0,0,0,0,0,0,0,0,31,26.0,12.2,4.0,4.2,0.04,0.09,0.13,0.06,5,4,1,1,1,COV,true
1,9,9,0,1,0,0,0,0,0,0,0,0,0,0,0,3,0.4,0.5,0.0,0.1,0.00,0.00,0.00,0.15,0,0,0,0,1,COV,true
1,10,90,1,11,0,1,1,0,0,0,0,0,0,0,2,37,33.2,26.8,13.0,7.3,0.18,0.21,0.39,0.20,5,4,1,3,1,COV,true
1,11,90,1,6,0,0,1,0,0,0,0,0,0,0,0,27,14.4,0.6,0.0,1.5,0.00,0.00,0.00,0.20,6,6,0,3,1,COV,true
1,12,67,1,9,1,0,1,0,0,0,0,0,0,0,1,36,42.8,26.1,33.0,10.2,0.64,0.08,0.72,0.06,7,2,1,4,1,COV,true
1,13,67,1,3,0,0,1,0,0,0,0,0,0,0,0,10,6.8,6.4,2.0,1.5,0.07,0.08,0.15,0.06,6,3,0,3,1,COV,true
1,14,14,0,1,0,0,0,0,0,0,0,0,0,0,0,4,0.0,1.8,1.0,0.1,0.04,0.00,0.04,0.15,2,0,0,2,1,COV,true
1,15,75,1,11,1,0,1,0,0,0,0,0,0,0,3,41,50.6,41.5,31.0,12.3,0.21,0.10,0.31,0.06,8,1,3,4,1,COV,true
1,16,22,0,1,0,0,0,0,0,0,0,0,0,0,0,8,9.4,43.1,0.0,5.3,0.00,0.04,0.04,0.15,2,0,0,2,1,COV,true
1,17,14,0,1,0,0,0,0,0,0,0,0,0,0,0,5,3.6,1.2,14.0,1.9,0.14,0.02,0.16,0.15,2,0,0,2,1,COV,true
1,18,0,0,0,0,0,0,0,0,0,0,0,0,0,0,0,0.0,0.0,0.0,0.0,0.00,0.00,0.00,0.00,0,0,0,0,1,COV,true
1,19,22,0,1,0,0,0,0,0,0,0,0,0,0,0,3,3.8,2.3,0.0,0.6,0.00,0.02,0.02,0.15,3,0,1,2,1,COV,true
1,20,0,0,0,0,0,0,0,0,0,0,0,0,0,0,0,0.0,0.0,0.0,0.0,0.00,0.00,0.00,0.00,0,0,0,0,1,COV,true
1,21,0,0,0,0,0,0,0,0,0,0,0,0,0,0,0,0.0,0.0,0.0,0.0,0.00,0.00,0.00,0.00,0,0,0,0,3,CRY,true
1,22,0,0,0,0,0,0,0,0,0,0,0,0,0,0,0,0.0,0.0,0.0,0.0,0.00,0.00,0.00,0.00,0,0,0,0,1,COV,true
1,23,0,0,0,0,0,0,0,0,0,0,0,0,0,0,0,0.0,0.0,0.0,0.0,0.00,0.00,0.00,0.00,0,0,0,0,1,COV,true
1,24,0,0,0,0,0,0,0,0,0,0,0,0,0,0,0,0.0,0.0,0.0,0.0,0.00,0.00,0.00,0.00,0,0,0,0,1,COV,true
1,25,0,0,0,0,0,0,0,0,0,0,0,0,0,0,0,0.0,0.0,0.0,0.0,0.00,0.00,0.00,0.00,0,0,0,0,1,COV,true
1,26,90,1,6,1,0,1,0,0,0,0,0,0,0,0,34,37.2,13.2,25.0,7.5,0.26,0.03,0.29,0.20,2,2,0,0,1,COV,true
1,27,0,0,0,0,0,0,0,0,0,0,0,0,0,0,0,0.0,0.0,0.0,0.0,0.00,0.00,0.00,0.00,0,0,0,0,1,COV,true
1,28,0,0,0,0,0,0,0,0,0,0,0,0,0,0,0,0.0,0.0,0.0,0.0,0.00,0.00,0.00,0.00,0,0,0,0,7,BHA,false
1,29,90,1,1,0,0,0,4,0,0,0,0,0,3,0,1,28.2,0.0,0.0,2.8,0.00,0.00,0.00,3.77,0,2,0,6,7,BHA,false
1,30,0,0,0,0,0,0,0,0,0,0,0,0,0,0,0,0.0,0.0,0.0,0.0,0.00,0.00,0.00,0.00,0,0,0,0,7,BHA,false
1,31,0,0,0,0,0,0,0,0,0,0,0,0,0,0,0,0.0,0.0,0.0,0.0,0.00,0.00,0.00,0.00,0,0,0,0,1,COV,true
1,32,90,1,-1,0,0,0,4,0,0,0,1,0,0,0,-8,12.0,1.1,0.0,1.3,0.00,0.00,0.00,3.77,7,5,2,0,7,BHA,false
1,33,16,0,1,0,0,0,0,0,0,0,0,0,0,0,5,2.0,0.0,0.0,0.2,0.00,0.00,0.00,0.22,1,0,1,0,7,BHA,false
1,34,73,1,0,0,0,0,4,0,0,0,0,0,0,0,-14,0.0,0.7,0.0,0.0,0.00,0.00,0.00,3.55,5,5,0,1,7,BHA,false
1,35,16,0,1,0,0,0,0,0,0,0,0,0,0,0,3,2.2,0.5,0.0,0.3,0.00,0.00,0.00,0.22,1,1,0,0,7,BHA,false
1,36,81,1,0,0,0,0,4,0,0,0,0,0,0,0,-9,9.2,0.8,3.0,1.3,0.03,0.00,0.03,3.62,9,7,2,2,7,BHA,false
1,37,90,1,-2,0,0,0,4,1,0,0,0,0,0,0,-13,1.8,0.1,0.0,0.2,0.00,0.00,0.00,3.77,3,3,0,1,7,BHA,false
1,38,0,0,0,0,0,0,0,0,0,0,0,0,0,0,0,0.0,0.0,0.0,0.0,0.00,0.00,0.00,0.00,0,0,0,0,7,BHA,false
1,39,0,0,0,0,0,0,0,0,0,0,0,0,0,0,0,0.0,0.0,0.0,0.0,0.00,0.00,0.00,0.00,0,0,0,0,7,BHA,false
1,40,81,1,8,1,0,0,2,0,0,0,0,0,0,1,37,48.8,53.5,29.0,13.1,0.96,0.10,1.06,1.24,7,0,2,5,10,FUL,false
1,41,85,1,2,0,0,0,4,0,0,0,0,0,0,0,4,0.0,16.3,8.0,2.2,0.13,0.09,0.22,3.62,7,3,1,3,7,BHA,false
1,42,27,0,1,0,0,0,0,0,0,0,0,0,0,0,3,3.2,1.8,7.0,1.2,0.03,0.02,0.05,0.14,1,0,1,0,3,EVE,false
1,43,66,1,2,0,0,0,2,0,0,0,0,0,0,0,13,5.0,11.3,4.0,2.0,0.04,0.11,0.15,0.94,5,0,0,5,4,HUL,false
1,44,0,0,0,0,0,0,0,0,0,0,0,0,0,0,0,0.0,0.0,0.0,0.0,0.00,0.00,0.00,0.00,0,0,0,0,7,BHA,false
1,45,81,1,1,0,0,0,4,0,0,0,1,0,0,0,8,1.6,2.4,1.0,0.5,0.04,0.01,0.05,3.62,6,2,1,3,7,BHA,false
1,46,73,1,2,0,0,0,4,0,0,0,0,0,0,0,11,9.4,21.4,7.0,3.8,0.10,0.02,0.12,3.55,1,1,0,0,7,BHA,false
1,47,90,1,2,0,0,0,4,0,0,0,0,0,0,0,9,11.2,2.8,0.0,1.4,0.00,0.00,0.00,3.77,7,3,2,2,7,BHA,false
1,48,0,0,0,0,0,0,0,0,0,0,0,0,0,0,0,0.0,0.0,0.0,0.0,0.00,0.00,0.00,0.00,0,0,0,0,7,BHA,false
1,49,0,0,0,0,0,0,0,0,0,0,0,0,0,0,0,0.0,0.0,0.0,0.0,0.00,0.00,0.00,0.00,0,0,0,0,7,BHA,false
1,50,0,0,0,0,0,0,0,0,0,0,0,0,0,0,0,0.0,0.0,0.0,0.0,0.00,0.00,0.00,0.00,0,0,0,0,7,BHA,false
1,51,90,1,2,0,0,0,4,0,0,0,0,0,0,0,12,10.6,11.6,2.0,2.4,0.00,0.00,0.00,3.77,5,0,3,2,7,BHA,false
1,52,8,0,1,0,0,0,0,0,0,0,0,0,0,0,5,4.0,0.0,0.0,0.4,0.00,0.00,0.00,0.14,3,1,1,1,7,BHA,false
1,53,0,0,0,0,0,0,0,0,0,0,0,0,0,0,0,0.0,0.0,0.0,0.0,0.00,0.00,0.00,0.00,0,0,0,0,7,BHA,false
1,54,39,1,-2,0,0,0,4,0,0,0,0,1,0,0,-2,1.0,11.0,0.0,1.2,0.00,0.01,0.01,2.58,7,1,4,2,7,BHA,false
1,55,0,0,0,0,0,0,0,0,0,0,0,0,0,0,0,0.0,0.0,0.0,0.0,0.00,0.00,0.00,0.00,0,0,0,0,7,BHA,false
1,56,0,0,0,0,0,0,0,0,0,0,0,0,0,0,0,0.0,0.0,0.0,0.0,0.00,0.00,0.00,0.00,0,0,0,0,7,BHA,false
1,57,90,1,2,0,0,0,2,0,0,0,0,0,4,0,13,36.8,0.0,0.0,3.7,0.00,0.00,0.00,2.25,0,2,0,5,8,MCI,false
1,58,0,0,0,0,0,0,0,0,0,0,0,0,0,0,0,0.0,0.0,0.0,0.0,0.00,0.00,0.00,0.00,0,0,0,0,8,MCI,false
1,59,0,0,0,0,0,0,0,0,0,0,0,0,0,0,0,0.0,0.0,0.0,0.0,0.00,0.00,0.00,0.00,0,0,0,0,8,MCI,false
1,60,90,1,1,0,0,0,2,0,0,0,0,0,0,0,0,11.6,0.3,0.0,1.2,0.00,0.00,0.00,2.25,6,5,1,1,8,MCI,false
1,61,90,1,1,0,0,0,2,0,0,0,0,0,0,0,0,15.4,1.3,0.0,1.7,0.00,0.00,0.00,2.25,7,5,2,7,8,MCI,false
1,62,0,0,0,0,0,0,0,0,0,0,0,0,0,0,0,0.0,0.0,0.0,0.0,0.00,0.00,0.00,0.00,0,0,0,0,8,MCI,false
1,63,0,0,0,0,0,0,0,0,0,0,0,0,0,0,0,0.0,0.0,0.0,0.0,0.00,0.00,0.00,0.00,0,0,0,0,8,MCI,false
1,64,90,1,1,0,0,0,2,0,0,0,0,0,0,0,4,7.0,0.6,0.0,0.8,0.00,0.00,0.00,2.25,5,4,1,3,8,MCI,false
1,65,0,0,0,0,0,0,0,0,0,0,0,0,0,0,0,0.0,0.0,0.0,0.0,0.00,0.00,0.00,0.00,0,0,0,0,8,MCI,false
1,66,0,0,0,0,0,0,0,0,0,0,0,0,0,0,0,0.0,0.0,0.0,0.0,0.00,0.00,0.00,0.00,0,0,0,0,8,MCI,false
1,67,88,1,2,0,0,0,1,0,0,0,0,0,0,0,9,6.2,11.3,17.0,3.5,0.04,0.03,0.07,2.06,1,1,0,0,8,MCI,false
1,68,90,1,10,1,0,0,2,0,0,0,0,0,0,3,32,40.0,17.2,18.0,7.5,0.40,0.08,0.48,2.25,8,2,2,4,8,MCI,false
1,69,90,1,2,0,0,0,2,0,0,0,0,0,0,0,17,11.4,4.8,0.0,1.6,0.00,0.01,0.01,2.25,11,1,4,6,8,MCI,false
1,70,74,1,3,0,0,1,0,0,0,0,0,0,0,0,15,11.0,14.3,17.0,4.2,0.11,0.00,0.11,1.94,9,1,3,5,8,MCI,false
1,71,75,1,3,0,0,1,0,0,0,0,0,0,0,0,8,4.6,2.1,0.0,0.7,0.00,0.00,0.00,1.94,7,3,1,3,8,MCI,false
1,72,1,0,1,0,0,0,1,0,0,0,0,0,0,0,3,0.2,0.1,2.0,0.2,0.00,0.00,0.00,0.19,1,0,0,1,8,MCI,false
1,73,15,0,1,0,0,0,2,0,0,0,0,0,0,0,4,3.6,0.6,0.0,0.4,0.00,0.00,0.00,0.31,3,3,0,0,8,MCI,false
1,74,0,0,0,0,0,0,0,0,0,0,0,0,0,0,0,0.0,0.0,0.0,0.0,0.00,0.00,0.00,0.00,0,0,0,0,8,MCI,false
1,75,0,0,0,0,0,0,0,0,0,0,0,0,0,0,0,0.0,0.0,0.0,0.0,0.00,0.00,0.00,0.00,0,0,0,0,8,MCI,false
1,76,15,0,1,0,0,0,2,0,0,0,0,0,0,0,5,2.8,0.6,0.0,0.3,0.00,0.00,0.00,0.31,2,0,1,1,8,MCI,false
1,77,0,0,0,0,0,0,0,0,0,0,0,0,0,0,0,0.0,0.0,0.0,0.0,0.00,0.00,0.00,0.00,0,0,0,0,8,MCI,false
1,78,0,0,0,0,0,0,0,0,0,0,0,0,0,0,0,0.0,0.0,0.0,0.0,0.00,0.00,0.00,0.00,0,0,0,0,8,MCI,false
1,79,74,1,4,0,1,1,0,0,0,0,1,0,0,0,17,19.4,11.9,2.0,3.3,0.00,0.21,0.21,1.94,8,4,1,3,8,MCI,false
1,80,0,0,0,0,0,0,0,0,0,0,0,0,0,0,0,0.0,0.0,0.0,0.0,0.00,0.00,0.00,0.00,0,0,0,0,8,MCI,false
1,81,0,0,0,0,0,0,0,0,0,0,0,0,0,0,0,0.0,0.0,0.0,0.0,0.00,0.00,0.00,0.00,0,0,0,0,8,MCI,false
1,82,90,1,7,0,0,1,0,0,0,0,0,0,4,0,34,31.4,0.0,0.0,3.1,0.00,0.01,0.01,0.57,0,0,0,5,2,TOT,true
1,83,0,0,0,0,0,0,0,0,0,0,0,0,0,0,0,0.0,0.0,0.0,0.0,0.00,0.00,0.00,0.00,0,0,0,0,2,TOT,true
1,84,90,1,6,0,0,1,0,0,0,0,0,0,0,0,21,11.6,21.5,17.0,5.0,0.34,0.04,0.38,0.57,3,3,0,3,2,TOT,true
1,85,0,0,0,0,0,0,0,0,0,0,0,0,0,0,0,0.0,0.0,0.0,0.0,0.00,0.00,0.00,0.00,0,0,0,0,2,TOT,true
1,86,90,1,10,1,0,1,0,0,0,0,0,0,0,2,37,47.2,15.9,19.0,8.2,0.77,0.12,0.89,0.57,10,4,1,5,2,TOT,true
1,87,90,1,8,0,0,1,0,0,0,0,0,0,0,0,29,20.0,0.9,35.0,5.6,0.11,0.02,0.13,0.57,10,8,2,3,2,TOT,true
1,88,75,1,13,1,0,1,0,0,0,0,0,0,0,1,36,33.8,1.5,46.0,8.1,0.50,0.00,0.50,0.47,4,4,0,5,2,TOT,true
1,89,0,0,0,0,0,0,0,0,0,0,0,0,0,0,0,0.0,0.0,0.0,0.0,0.00,0.00,0.00,0.00,0,0,0,0,2,TOT,true
1,90,14,0,1,0,0,0,0,0,0,0,0,0,0,0,2,0.0,0.3,0.0,0.0,0.00,0.00,0.00,0.10,0,0,0,2,2,TOT,true
1,91,0,0,0,0,0,0,0,0,0,0,0,0,0,0,0,0.0,0.0,0.0,0.0,0.00,0.00,0.00,0.00,0,0,0,0,2,TOT,true
1,92,0,0,0,0,0,0,0,0,0,0,0,0,0,0,0,0.0,0.0,0.0,0.0,0.00,0.00,0.00,0.00,0,0,0,0,2,TOT,true
1,93,0,0,0,0,0,0,0,0,0,0,0,0,0,0,0,0.0,0.0,0.0,0.0,0.00,0.00,0.00,0.00,0,0,0,0,2,TOT,true
1,94,90,1,3,0,0,1,0,0,0,0,0,0,0,0,17,14.4,11.8,59.0,8.5,0.52,0.01,0.53,0.57,9,1,3,5,2,TOT,true
1,95,66,1,3,0,0,1,0,0,0,0,0,0,0,0,6,1.0,30.8,15.0,4.7,0.05,0.29,0.34,0.47,6,2,0,4,2,TOT,true
1,96,14,0,1,0,0,0,0,0,0,0,0,0,0,0,6,7.6,26.3,0.0,3.4,0.00,0.11,0.11,0.10,4,0,1,3,2,TOT,true
1,97,66,1,6,0,1,1,0,0,0,0,0,0,0,0,22,12.6,46.2,13.0,7.2,0.08,0.34,0.42,0.47,5,0,2,3,2,TOT,true
1,98,90,1,9,1,0,1,0,0,0,0,1,0,0,0,35,53.2,38.8,24.0,11.6,0.39,0.17,0.56,0.57,13,6,4,3,2,TOT,true
1,99,0,0,0,0,0,0,0,0,0,0,0,0,0,0,0,0.0,0.0,0.0,0.0,0.00,0.00,0.00,0.00,0,0,0,0,2,TOT,true
1,100,0,0,0,0,0,0,0,0,0,0,0,0,0,0,0,0.0,0.0,0.0,0.0,0.00,0.00,0.00,0.00,0,0,0,0,2,TOT,true
1,101,0,0,0,0,0,0,0,0,0,0,0,0,0,0,0,0.0,0.0,0.0,0.0,0.00,0.00,0.00,0.00,0,0,0,0,10,FUL,false
1,102,23,0,1,0,0,0,0,0,0,0,0,0,0,0,7,2.2,0.8,3.0,0.6,0.04,0.00,0.04,0.10,6,1,2,3,2,TOT,true
1,103,0,0,0,0,0,0,0,0,0,0,0,0,0,0,0,0.0,0.0,0.0,0.0,0.00,0.00,0.00,0.00,0,0,0,0,2,TOT,true
1,104,90,1,2,0,0,0,3,0,0,0,0,0,0,0,8,3.6,1.6,0.0,0.5,0.00,0.01,0.01,1.88,9,3,1,5,1,ARS,false
1,105,23,0,1,0,0,0,0,0,0,0,0,0,0,0,9,10.6,34.9,1.0,4.7,0.03,0.35,0.38,0.10,8,0,2,6,2,TOT,true
1,106,82,1,0,0,0,1,0,0,0,1,0,0,0,0,-3,2.2,4.0,8.0,1.4,1.00,0.08,1.08,0.50,5,1,0,4,2,TOT,true
1,107,0,0,0,0,0,0,0,0,0,0,0,0,0,0,0,0.0,0.0,0.0,0.0,0.00,0.00,0.00,0.00,0,0,0,0,2,TOT,true
1,108,7,0,1,0,0,0,0,0,0,0,0,0,0,0,4,2.2,10.3,5.0,1.8,0.03,0.04,0.07,0.07,0,0,0,0,2,TOT,true
1,109,90,1,6,0,0,1,0,0,0,0,0,0,0,0,25,6.6,0.0,0.0,0.7,0.00,0.00,0.00,0.29,0,0,0,4,7,AVL,true
1,110,90,1,1,0,0,0,3,0,0,0,0,0,2,0,0,14.2,0.0,0.0,1.4,0.00,0.01,0.01,1.88,0,1,0,7,1,ARS,false
1,111,0,0,0,0,0,0,0,0,0,0,0,0,0,0,0,0.0,0.0,0.0,0.0,0.00,0.00,0.00,0.00,0,0,0,0,7,AVL,true
1,112,90,1,1,0,0,0,3,0,0,0,0,0,0,0,3,28.2,2.8,2.0,3.3,0.00,0.03,0.03,3.87,9,7,2,3,2,BRE,false
1,113,0,0,0,0,0,0,0,0,0,0,0,0,0,0,0,0.0,0.0,0.0,0.0,0.00,0.00,0.00,0.00,0,0,0,0,7,AVL,true
1,114,90,1,6,0,0,1,0,0,0,0,0,0,0,0,29,15.2,7.3,6.0,2.9,0.00,0.04,0.04,0.29,6,5,1,4,7,AVL,true
1,115,77,1,17,1,1,1,0,0,0,0,0,0,0,2,46,40.6,45.3,43.0,12.9,1.47,0.21,1.68,0.29,4,1,3,3,7,AVL,true
1,116,90,1,6,0,0,1,0,0,0,0,0,0,0,0,24,13.4,6.4,0.0,2.0,0.00,0.04,0.04,0.29,2,1,1,2,7,AVL,true
1,117,0,0,0,0,0,0,0,0,0,0,0,0,0,0,0,0.0,0.0,0.0,0.0,0.00,0.00,0.00,0.00,0,0,0,0,7,AVL,true
1,118,0,0,0,0,0,0,0,0,0,0,0,0,0,0,0,0.0,0.0,0.0,0.0,0.00,0.00,0.00,0.00,0,0,0,0,7,AVL,true
1,119,26,0,1,0,0,0,0,0,0,0,0,0,0,0,7,8.2,1.9,18.0,2.8,0.12,0.00,0.12,0.10,4,3,1,0,7,AVL,true
1,120,0,0,0,0,0,0,0,0,0,0,0,0,0,0,0,0.0,0.0,0.0,0.0,0.00,0.00,0.00,0.00,0,0,0,0,7,AVL,true
1,121,0,0,0,0,0,0,0,0,0,0,0,0,0,0,0,0.0,0.0,0.0,0.0,0.00,0.00,0.00,0.00,0,0,0,0,7,AVL,true
1,122,0,0,0,0,0,0,0,0,0,0,0,0,0,0,0,0.0,0.0,0.0,0.0,0.00,0.00,0.00,0.00,0,0,0,0,7,AVL,true
1,123,63,1,16,2,0,1,0,0,0,0,0,0,0,3,54,72.8,13.4,59.0,14.5,1.41,0.02,1.43,0.19,3,0,2,1,7,AVL,true
1,124,90,1,2,0,0,1,0,0,0,0,1,0,0,0,18,21.0,56.9,8.0,8.6,0.00,0.27,0.27,0.29,5,0,3,2,7,AVL,true
1,125,90,1,5,0,1,1,0,0,0,0,0,0,0,0,22,19.8,11.4,15.0,4.6,0.08,0.44,0.52,0.29,7,1,2,4,7,AVL,true
1,126,0,0,0,0,0,0,0,0,0,0,0,0,0,0,0,0.0,0.0,0.0,0.0,0.00,0.00,0.00,0.00,0,0,0,0,7,AVL,true
1,127,85,1,6,0,1,1,0,0,0,0,0,0,0,0,27,33.0,25.1,41.0,9.9,0.18,0.48,0.66,0.29,6,2,3,1,7,AVL,true
1,128,0,0,0,0,0,0,0,0,0,0,0,0,0,0,0,0.0,0.0,0.0,0.0,0.00,0.00,0.00,0.00,0,0,0,0,7,AVL,true
1,129,63,1,2,0,0,1,0,0,0,0,1,0,0,0,8,0.0,15.0,6.0,1.7,0.11,0.03,0.14,0.19,4,1,0,3,7,AVL,true
1,130,77,1,7,0,0,1,0,0,0,0,0,0,0,1,32,16.6,26.3,6.0,4.9,0.09,0.05,0.14,0.29,8,4,4,5,7,AVL,true
1,131,0,0,0,0,0,0,0,0,0,0,0,0,0,0,0,0.0,0.0,0.0,0.0,0.00,0.00,0.00,0.00,0,0,0,0,7,AVL,true
1,132,0,0,0,0,0,0,0,0,0,0,0,0,0,0,0,0.0,0.0,0.0,0.0,0.00,0.00,0.00,0.00,0,0,0,0,7,AVL,true
1,133,0,0,0,0,0,0,0,0,0,0,0,0,0,0,0,0.0,0.0,0.0,0.0,0.00,0.00,0.00,0.00,0,0,0,0,7,AVL,true
1,134,0,0,0,0,0,0,0,0,0,0,0,0,0,0,0,0.0,0.0,0.0,0.0,0.00,0.00,0.00,0.00,0,0,0,0,7,AVL,true
1,135,12,0,1,0,0,0,0,0,0,0,0,0,0,0,3,0.2,1.3,0.0,0.2,0.00,0.03,0.03,0.00,0,0,0,0,7,AVL,true
1,136,0,0,0,0,0,0,0,0,0,0,0,0,0,0,0,0.0,0.0,0.0,0.0,0.00,0.00,0.00,0.00,0,0,0,0,10,FUL,false
1,137,0,0,0,0,0,0,0,0,0,0,0,0,0,0,0,0.0,0.0,0.0,0.0,0.00,0.00,0.00,0.00,0,0,0,0,7,AVL,true
1,138,26,0,1,0,0,0,0,0,0,0,0,0,0,0,-1,0.0,0.4,10.0,0.9,0.18,0.00,0.18,0.10,2,0,1,1,7,AVL,true
1,139,0,0,0,0,0,0,0,0,0,0,0,0,0,0,0,0.0,0.0,0.0,0.0,0.00,0.00,0.00,0.00,0,0,0,0,7,AVL,true
1,140,90,1,2,0,0,0,2,0,0,0,0,0,4,0,6,21.4,0.0,0.0,2.1,0.00,0.01,0.01,1.33,0,1,0,5,10,FUL,false
1,141,0,0,0,0,0,0,0,0,0,0,0,0,0,0,0,0.0,0.0,0.0,0.0,0.00,0.00,0.00,0.00,0,0,0,0,10,FUL,false
1,142,90,1,0,0,0,0,2,0,0,0,1,0,0,0,5,23.4,16.8,19.0,5.9,0.10,0.07,0.17,1.33,6,6,0,4,10,FUL,false
1,143,0,0,0,0,0,0,0,0,0,0,0,0,0,0,0,0.0,0.0,0.0,0.0,0.00,0.00,0.00,0.00,0,0,0,0,10,FUL,false
1,144,75,1,1,0,0,0,2,0,0,0,0,0,0,0,2,7.2,9.8,6.0,2.3,0.00,0.03,0.03,1.11,3,2,1,4,10,FUL,false
1,145,0,0,0,0,0,0,0,0,0,0,0,0,0,0,0,0.0,0.0,0.0,0.0,0.00,0.00,0.00,0.00,0,0,0,0,10,FUL,false
1,146,0,0,0,0,0,0,0,0,0,0,0,0,0,0,0,0.0,0.0,0.0,0.0,0.00,0.00,0.00,0.00,0,0,0,0,10,FUL,false
1,147,0,0,0,0,0,0,0,0,0,0,0,0,0,0,0,0.0,0.0,0.0,0.0,0.00,0.00,0.00,0.00,0,0,0,0,10,FUL,false
1,148,64,1,1,0,0,0,2,0,0,0,0,0,0,0,5,8.4,12.3,11.0,3.2,0.01,0.03,0.04,1.05,3,1,2,2,10,FUL,false
1,149,90,1,0,0,0,0,2,0,0,0,1,0,0,0,6,6.0,1.6,7.0,1.5,0.01,0.03,0.04,1.33,4,2,2,3,10,FUL,false
1,150,0,0,0,0,0,0,0,0,0,0,0,0,0,0,0,0.0,0.0,0.0,0.0,0.00,0.00,0.00,0.00,0,0,0,0,10,FUL,false
1,151,90,1,3,0,0,0,2,0,0,0,0,0,0,0,13,33.2,2.2,2.0,3.7,0.00,0.01,0.01,1.33,15,10,5,6,10,FUL,false
1,152,0,0,0,0,0,0,0,0,0,0,0,0,0,0,0,0.0,0.0,0.0,0.0,0.00,0.00,0.00,0.00,0,0,0,0,10,FUL,false
1,153,0,0,0,0,0,0,0,0,0,0,0,0,0,0,0,0.0,0.0,0.0,0.0,0.00,0.00,0.00,0.00,0,0,0,0,10,FUL,false
1,154,82,1,13,1,1,0,2,0,0,0,0,0,0,3,60,65.2,41.3,54.0,16.1,0.28,0.19,0.47,1.24,9,0,2,7,10,FUL,false
1,155,25,0,1,0,0,0,0,0,0,0,0,0,0,0,6,3.4,12.0,0.0,1.5,0.00,0.02,0.02,0.28,3,0,0,3,10,FUL,false
1,156,14,0,1,0,0,0,0,0,0,0,0,0,0,0,9,5.2,4.1,4.0,1.3,0.03,0.07,0.10,0.22,4,0,1,3,10,FUL,false
1,157,7,0,1,0,0,0,0,0,0,0,0,0,0,0,3,0.2,0.4,0.0,0.1,0.00,0.00,0.00,0.09,1,0,0,1,10,FUL,false
1,158,0,0,0,0,0,0,0,0,0,0,0,0,0,0,0,0.0,0.0,0.0,0.0,0.00,0.00,0.00,0.00,0,0,0,0,10,FUL,false
1,159,0,0,0,0,0,0,0,0,0,0,0,0,0,0,0,0.0,0.0,0.0,0.0,0.00,0.00,0.00,0.00,0,0,0,0,10,FUL,false
1,160,4,0,1,0,0,0,0,0,0,0,0,0,0,0,2,0.0,0.0,0.0,0.0,0.00,0.00,0.00,0.14,0,0,0,0,7,BHA,false
1,161,64,1,1,0,0,0,2,0,0,0,1,0,0,0,8,13.6,21.9,33.0,6.9,0.21,0.03,0.24,1.05,9,2,3,4,10,FUL,false
1,162,66,1,2,0,0,0,2,0,0,0,0,0,0,0,17,11.4,4.2,2.0,1.8,0.00,0.23,0.23,0.94,9,3,1,5,4,HUL,false
1,163,0,0,0,0,0,0,0,0,0,0,0,0,0,0,0,0.0,0.0,0.0,0.0,0.00,0.00,0.00,0.00,0,0,0,0,10,FUL,false
1,164,8,0,1,0,0,0,0,0,0,0,0,0,0,0,2,1.2,0.3,2.0,0.4,0.00,0.00,0.00,0.09,1,1,0,0,10,FUL,false
1,165,90,1,11,1,1,0,2,0,0,0,0,0,0,2,45,51.2,23.0,37.0,11.1,0.63,0.06,0.69,1.33,3,1,0,2,10,FUL,false
1,166,0,0,0,0,0,0,0,0,0,0,0,0,0,0,0,0.0,0.0,0.0,0.0,0.00,0.00,0.00,0.00,0,0,0,0,10,FUL,false
1,167,0,0,0,0,0,0,0,0,0,0,0,0,0,0,0,0.0,0.0,0.0,0.0,0.00,0.00,0.00,0.00,0,0,0,0,10,FUL,false
1,168,0,0,0,0,0,0,0,0,0,0,0,0,0,0,0,0.0,0.0,0.0,0.0,0.00,0.00,0.00,0.00,0,0,0,0,10,FUL,false
1,169,0,0,0,0,0,0,0,0,0,0,0,0,0,0,0,0.0,0.0,0.0,0.0,0.00,0.00,0.00,0.00,0,0,0,0,10,FUL,false
1,170,0,0,0,0,0,0,0,0,0,0,0,0,0,0,0,0.0,0.0,0.0,0.0,0.00,0.00,0.00,0.00,0,0,0,0,10,FUL,false
1,171,0,0,0,0,0,0,0,0,0,0,0,0,0,0,0,0.0,0.0,0.0,0.0,0.00,0.00,0.00,0.00,0,0,0,0,1,ARS,false
1,172,0,0,0,0,0,0,0,0,0,0,0,0,0,0,0,0.0,0.0,0.0,0.0,0.00,0.00,0.00,0.00,0,0,0,0,1,ARS,false
1,173,90,1,3,0,0,0,3,0,0,0,0,0,0,0,11,23.2,11.2,1.0,3.5,0.02,0.01,0.03,1.88,10,9,1,2,1,ARS,false
1,174,0,0,0,0,0,0,0,0,0,0,0,0,0,0,0,0.0,0.0,0.0,0.0,0.00,0.00,0.00,0.00,0,0,0,0,1,ARS,false
1,175,90,1,1,0,0,0,3,0,0,0,0,0,0,0,-8,10.6,2.0,2.0,1.5,0.00,0.01,0.01,1.88,7,6,1,3,1,ARS,false
1,176,90,1,1,0,0,0,3,0,0,0,0,0,0,0,-4,13.8,3.8,0.0,1.8,0.00,0.02,0.02,1.88,6,6,0,1,1,ARS,false
1,177,0,0,0,0,0,0,0,0,0,0,0,0,0,0,0,0.0,0.0,0.0,0.0,0.00,0.00,0.00,0.00,0,0,0,0,1,ARS,false
1,178,0,0,0,0,0,0,0,0,0,0,0,0,0,0,0,0.0,0.0,0.0,0.0,0.00,0.00,0.00,0.00,0,0,0,0,1,ARS,false
1,179,0,0,0,0,0,0,0,0,0,0,0,0,0,0,0,0.0,0.0,0.0,0.0,0.00,0.00,0.00,0.00,0,0,0,0,1,ARS,false
1,180,0,0,0,0,0,0,0,0,0,0,0,0,0,0,0,0.0,0.0,0.0,0.0,0.00,0.00,0.00,0.00,0,0,0,0,1,ARS,false
1,181,0,0,0,0,0,0,0,0,0,0,0,0,0,0,0,0.0,0.0,0.0,0.0,0.00,0.00,0.00,0.00,0,0,0,0,1,ARS,false
1,182,90,1,1,0,0,0,3,0,0,0,0,0,0,0,1,28.8,0.8,0.0,3.0,0.00,0.01,0.01,1.88,9,9,0,4,1,ARS,false
1,183,20,0,1,0,0,0,0,0,0,0,0,0,0,0,3,5.6,3.8,17.0,2.6,0.15,0.00,0.15,0.29,5,0,1,4,1,ARS,false
1,184,90,1,2,0,0,0,3,0,0,0,0,0,0,0,14,13.4,3.7,0.0,1.7,0.00,0.01,0.01,1.88,7,4,0,3,1,ARS,false
1,185,0,0,0,0,0,0,0,0,0,0,0,0,0,0,0,0.0,0.0,0.0,0.0,0.00,0.00,0.00,0.00,0,0,0,0,1,ARS,false
1,186,0,0,0,0,0,0,0,0,0,0,0,0,0,0,0,0.0,0.0,0.0,0.0,0.00,0.00,0.00,0.00,0,0,0,0,1,ARS,false
1,187,0,0,0,0,0,0,0,0,0,0,0,0,0,0,0,0.0,0.0,0.0,0.0,0.00,0.00,0.00,0.00,0,0,0,0,1,ARS,false
1,188,28,0,1,0,0,0,0,0,0,0,0,0,0,0,8,6.8,16.4,0.0,2.3,0.00,0.11,0.11,0.32,1,1,0,0,1,ARS,false
1,189,0,0,0,0,0,0,0,0,0,0,0,0,0,0,0,0.0,0.0,0.0,0.0,0.00,0.00,0.00,0.00,0,0,0,0,1,ARS,false
1,190,81,1,2,0,0,0,3,0,0,0,0,0,0,0,11,1.8,6.0,3.0,1.1,0.04,0.02,0.06,1.76,8,3,0,5,1,ARS,false
1,191,0,0,0,0,0,0,0,0,0,0,0,0,0,0,0,0.0,0.0,0.0,0.0,0.00,0.00,0.00,0.00,0,0,0,0,1,ARS,false
1,192,0,0,0,0,0,0,0,0,0,0,0,0,0,0,0,0.0,0.0,0.0,0.0,0.00,0.00,0.00,0.00,0,0,0,0,1,ARS,false
1,193,0,0,0,0,0,0,0,0,0,0,0,0,0,0,0,0.0,0.0,0.0,0.0,0.00,0.00,0.00,0.00,0,0,0,0,1,ARS,false
1,194,69,1,2,0,0,0,3,0,0,0,0,0,0,0,9,4.6,1.1,0.0,0.6,0.00,0.02,0.02,1.60,6,5,0,1,1,ARS,false
1,195,69,1,2,0,0,0,3,0,0,0,0,0,0,0,7,2.6,12.3,2.0,1.7,0.00,0.01,0.01,1.60,3,1,0,2,1,ARS,false
1,196,0,0,0,0,0,0,0,0,0,0,0,0,0,0,0,0.0,0.0,0.0,0.0,0.00,0.00,0.00,0.00,0,0,0,0,1,ARS,false
1,197,0,0,0,0,0,0,0,0,0,0,0,0,0,0,0,0.0,0.0,0.0,0.0,0.00,0.00,0.00,0.00,0,0,0,0,1,ARS,false
1,198,90,1,2,0,0,0,2,0,0,0,0,0,3,0,14,28.2,0.0,0.0,2.8,0.00,0.00,0.00,1.12,0,3,0,13,3,EVE,false
1,199,0,0,0,0,0,0,0,0,0,0,0,0,0,0,0,0.0,0.0,0.0,0.0,0.00,0.00,0.00,0.00,0,0,0,0,3,EVE,false
1,200,90,1,6,0,1,0,2,0,0,0,0,0,0,0,25,44.2,11.2,2.0,5.7,0.00,0.20,0.20,1.33,12,7,5,2,10,FUL,false
1,201,54,1,0,0,0,0,2,0,0,0,0,0,0,0,-4,1.2,1.8,21.0,2.4,0.23,0.01,0.24,0.84,4,3,1,1,3,EVE,false
1,202,90,1,3,0,0,0,2,0,0,0,0,0,0,0,13,42.6,0.7,0.0,4.3,0.00,0.00,0.00,1.12,16,14,2,1,3,EVE,false
1,203,90,1,1,0,0,0,2,0,0,0,0,0,0,0,9,27.4,5.7,5.0,3.8,0.05,0.01,0.06,1.12,8,4,4,3,3,EVE,false
1,204,90,1,1,0,0,0,2,0,0,0,0,0,0,0,9,11.6,13.8,2.0,2.7,0.00,0.01,0.01,1.12,5,3,2,4,3,EVE,false
1,205,0,0,0,0,0,0,0,0,0,0,0,0,0,0,0,0.0,0.0,0.0,0.0,0.00,0.00,0.00,0.00,0,0,0,0,3,EVE,false
1,206,72,1,1,0,0,0,2,0,0,0,0,0,0,0,7,12.6,1.3,0.0,1.4,0.00,0.01,0.01,0.98,7,6,1,3,3,EVE,false
1,207,0,0,0,0,0,0,0,0,0,0,0,0,0,0,0,0.0,0.0,0.0,0.0,0.00,0.00,0.00,0.00,0,0,0,0,3,EVE,false
1,208,0,0,0,0,0,0,0,0,0,0,0,0,0,0,0,0.0,0.0,0.0,0.0,0.00,0.00,0.00,0.00,0,0,0,0,3,EVE,false
1,209,6,0,1,0,0,0,0,0,0,0,0,0,0,0,3,4.0,0.3,0.0,0.4,0.00,0.00,0.00,0.29,2,2,0,0,3,CRY,true
1,210,90,1,4,0,0,0,2,0,0,0,0,0,0,0,20,16.8,30.9,0.0,4.8,0.00,0.24,0.24,1.12,14,4,2,8,3,EVE,false
1,211,35,0,1,0,0,0,0,0,0,0,0,0,0,0,4,2.0,6.3,6.0,1.4,0.06,0.02,0.08,0.27,5,0,2,3,3,EVE,false
1,212,0,0,0,0,0,0,0,0,0,0,0,0,0,0,0,0.0,0.0,0.0,0.0,0.00,0.00,0.00,0.00,0,0,0,0,3,EVE,false
1,213,0,0,0,0,0,0,0,0,0,0,0,0,0,0,0,0.0,0.0,0.0,0.0,0.00,0.00,0.00,0.00,0,0,0,0,3,EVE,false
1,214,90,1,3,0,0,0,2,0,0,0,1,0,0,0,25,20.4,29.3,0.0,5.0,0.00,0.27,0.27,1.12,14,3,3,8,3,EVE,false
1,215,0,0,0,0,0,0,0,0,0,0,0,0,0,0,0,0.0,0.0,0.0,0.0,0.00,0.00,0.00,0.00,0,0,0,0,3,EVE,false
1,216,0,0,0,0,0,0,0,0,0,0,0,0,0,0,0,0.0,0.0,0.0,0.0,0.00,0.00,0.00,0.00,0,0,0,0,3,EVE,false
1,217,0,0,0,0,0,0,0,0,0,0,0,0,0,0,0,0.0,0.0,0.0,0.0,0.00,0.00,0.00,0.00,0,0,0,0,3,EVE,false
1,218,0,0,0,0,0,0,0,0,0,0,0,0,0,0,0,0.0,0.0,0.0,0.0,0.00,0.00,0.00,0.00,0,0,0,0,3,EVE,false
1,219,0,0,0,0,0,0,0,0,0,0,0,0,0,0,0,0.0,0.0,0.0,0.0,0.00,0.00,0.00,0.00,0,0,0,0,3,EVE,false
1,220,0,0,0,0,0,0,0,0,0,0,0,0,0,0,0,0.0,0.0,0.0,0.0,0.00,0.00,0.00,0.00,0,0,0,0,3,EVE,false
1,221,0,0,0,0,0,0,0,0,0,0,0,0,0,0,0,0.0,0.0,0.0,0.0,0.00,0.00,0.00,0.00,0,0,0,0,3,EVE,false
1,222,27,0,1,0,0,0,0,0,0,0,0,0,0,0,3,1.0,3.5,17.0,2.2,0.25,0.01,0.26,0.14,0,0,0,0,3,EVE,false
1,223,62,1,2,0,0,0,2,0,0,0,0,0,0,0,-3,1.4,12.3,11.0,2.5,0.70,0.02,0.72,0.98,5,1,2,2,3,EVE,false
1,224,55,1,1,0,0,0,2,0,0,0,0,0,0,0,12,10.4,24.5,23.0,5.8,0.60,0.58,1.18,0.84,3,1,1,1,3,EVE,false
1,225,0,0,0,0,0,0,0,0,0,0,0,0,0,0,0,0.0,0.0,0.0,0.0,0.00,0.00,0.00,0.00,0,0,0,0,3,EVE,false
1,226,90,1,7,0,0,1,0,0,0,0,0,0,4,0,34,31.8,0.0,0.0,3.2,0.00,0.02,0.02,1.96,0,0,0,12,3,CRY,true
1,227,0,0,0,0,0,0,0,0,0,0,0,0,0,0,0,0.0,0.0,0.0,0.0,0.00,0.00,0.00,0.00,0,0,0,0,3,CRY,true
1,228,0,0,0,0,0,0,0,0,0,0,0,0,0,0,0,0.0,0.0,0.0,0.0,0.00,0.00,0.00,0.00,0,0,0,0,3,CRY,true
1,229,90,1,6,0,0,1,0,0,0,0,0,0,0,0,25,15.2,0.8,4.0,2.0,0.05,0.00,0.05,1.96,9,8,1,4,3,CRY,true
1,230,90,1,6,0,0,1,0,0,0,0,0,0,0,0,27,18.6,0.8,6.0,2.5,0.00,0.01,0.01,1.96,8,6,2,2,3,CRY,true
1,231,0,0,0,0,0,0,0,0,0,0,0,0,0,0,0,0.0,0.0,0.0,0.0,0.00,0.00,0.00,0.00,0,0,0,0,3,CRY,true
1,232,0,0,0,0,0,0,0,0,0,0,0,0,0,0,0,0.0,0.0,0.0,0.0,0.00,0.00,0.00,0.00,0,0,0,0,3,CRY,true
1,233,90,1,6,0,0,1,0,0,0,0,0,0,0,0,27,12.8,13.8,2.0,2.9,0.00,0.05,0.05,1.96,4,4,0,4,3,CRY,true
1,234,0,0,0,0,0,0,0,0,0,0,0,0,0,0,0,0.0,0.0,0.0,0.0,0.00,0.00,0.00,0.00,0,0,0,0,3,CRY,true
1,235,0,0,0,0,0,0,0,0,0,0,0,0,0,0,0,0.0,0.0,0.0,0.0,0.00,0.00,0.00,0.00,0,0,0,0,3,CRY,true
1,236,90,1,11,1,0,1,0,0,0,0,0,0,0,3,40,42.8,28.3,27.0,9.8,0.12,0.17,0.29,1.92,8,1,2,5,3,CRY,true
1,237,90,1,9,0,1,1,0,0,0,0,0,0,0,1,36,40.8,39.8,48.0,12.9,0.24,0.32,0.56,1.96,12,0,4,8,3,CRY,true
1,238,8,0,1,0,0,0,0,0,0,0,0,0,0,0,2,1.0,0.6,0.0,0.2,0.00,0.00,0.00,0.00,1,0,1,0,8,BOU,true
1,239,11,0,1,0,0,0,0,0,0,0,0,0,0,0,6,4.8,11.8,2.0,1.9,0.00,0.03,0.03,0.34,1,0,1,0,3,CRY,true
1,240,0,0,0,0,0,0,0,0,0,0,0,0,0,0,0,0.0,0.0,0.0,0.0,0.00,0.00,0.00,0.00,0,0,0,0,3,CRY,true
1,241,62,1,2,0,0,0,2,0,0,0,0,0,0,0,11,9.6,4.7,2.0,1.6,0.05,0.02,0.07,0.98,5,3,0,2,3,EVE,false
1,242,83,1,3,0,0,1,0,0,0,0,0,0,0,0,13,7.0,23.4,25.0,5.5,0.18,0.08,0.26,1.67,7,3,0,4,3,CRY,true
1,243,1,0,1,0,0,0,0,0,0,0,0,0,0,0,7,5.0,0.3,17.0,2.2,0.02,0.00,0.02,0.04,3,0,1,2,3,CRY,true
1,244,90,1,8,0,1,1,0,0,0,0,0,0,0,0,25,28.8,14.7,4.0,4.8,0.00,0.04,0.04,1.96,16,3,2,11,3,CRY,true
1,245,0,0,0,0,0,0,0,0,0,0,0,0,0,0,0,0.0,0.0,0.0,0.0,0.00,0.00,0.00,0.00,0,0,0,0,3,CRY,true
1,246,90,1,3,0,0,1,0,0,0,0,0,0,0,0,12,13.8,13.0,2.0,2.9,0.00,0.06,0.06,1.96,9,2,2,5,3,CRY,true
1,247,78,1,3,0,0,1,0,0,0,0,0,0,0,0,16,8.6,12.2,5.0,2.6,0.01,0.01,0.02,1.62,7,1,2,4,3,CRY,true
1,248,11,0,1,0,0,0,0,0,0,0,0,0,0,0,3,0.0,0.0,2.0,0.2,0.05,0.00,0.05,0.34,0,0,0,0,3,CRY,true
1,249,78,1,8,1,0,1,0,0,0,0,0,0,0,2,37,38.0,19.0,41.0,9.8,0.45,0.09,0.54,1.62,3,0,1,2,3,CRY,true
1,250,90,1,2,0,0,0,3,0,0,0,0,0,3,0,11,29.6,0.0,0.0,3.0,0.00,0.00,0.00,2.24,0,1,0,9,10,CHE,true
1,251,0,0,0,0,0,0,0,0,0,0,0,0,0,0,0,0.0,0.0,0.0,0.0,0.00,0.00,0.00,0.00,0,0,0,0,10,CHE,true
1,252,0,0,0,0,0,0,0,0,0,0,0,0,0,0,0,0.0,0.0,0.0,0.0,0.00,0.00,0.00,0.00,0,0,0,0,10,CHE,true
1,253,0,0,0,0,0,0,0,0,0,0,0,0,0,0,0,0.0,0.0,0.0,0.0,0.00,0.00,0.00,0.00,0,0,0,0,10,CHE,true
1,254,81,1,1,0,0,0,3,0,0,0,0,0,0,0,4,21.6,25.2,3.0,5.0,0.13,0.04,0.17,2.21,7,4,3,5,10,CHE,true
1,255,90,1,3,0,0,0,3,0,0,0,0,0,0,0,7,32.8,21.3,0.0,5.4,0.00,0.03,0.03,2.24,10,9,1,3,10,CHE,true
1,256,0,0,0,0,0,0,0,0,0,0,0,0,0,0,0,0.0,0.0,0.0,0.0,0.00,0.00,0.00,0.00,0,0,0,0,10,CHE,true
1,257,90,1,0,0,0,0,3,0,0,0,1,0,0,0,1,13.8,3.8,2.0,2.0,0.02,0.02,0.04,2.24,4,3,1,4,10,CHE,true
1,258,90,1,6,0,2,0,3,0,0,0,1,0,0,0,21,38.0,27.8,23.0,8.9,0.09,0.18,0.27,2.24,6,5,1,4,10,CHE,true
1,259,90,1,2,0,0,0,1,0,0,0,0,0,0,0,7,7.2,0.8,2.0,1.0,0.00,0.01,0.01,0.66,5,4,1,6,5,SUN,true
1,260,65,1,3,0,0,1,0,0,0,0,0,0,0,0,8,6.2,15.3,4.0,2.6,0.00,0.02,0.02,0.53,2,0,2,0,6,NFO,false
1,261,90,1,2,0,0,0,3,0,0,0,0,0,0,0,17,12.4,11.3,0.0,2.4,0.00,0.04,0.04,2.24,10,3,1,6,10,CHE,true
1,262,0,0,0,0,0,0,0,0,0,0,0,0,0,0,0,0.0,0.0,0.0,0.0,0.00,0.00,0.00,0.00,0,0,0,0,10,CHE,true
1,263,17,0,1,0,0,0,0,0,0,0,0,0,0,0,2,5.2,1.9,0.0,0.7,0.00,0.01,0.01,0.03,3,0,2,1,10,CHE,true
1,264,66,1,2,0,0,0,3,0,0,0,0,0,0,0,10,9.8,13.8,6.0,3.0,0.00,0.26,0.26,2.21,6,1,3,2,10,CHE,true
1,265,72,1,2,0,0,0,3,0,0,0,0,0,0,0,14,13.6,23.1,7.0,4.4,0.03,0.03,0.06,2.21,4,1,1,2,10,CHE,true
1,266,0,0,0,0,0,0,0,0,0,0,0,0,0,0,0,0.0,0.0,0.0,0.0,0.00,0.00,0.00,0.00,0,0,0,0,10,CHE,true
1,267,90,1,5,0,1,0,1,0,0,0,0,0,0,0,22,23.4,14.8,2.0,4.0,0.00,0.02,0.02,0.66,6,2,1,3,5,SUN,true
1,268,90,1,7,1,0,0,3,0,0,0,0,0,0,0,34,41.6,15.6,41.0,9.8,0.17,0.04,0.21,2.24,8,2,2,4,10,CHE,true
1,269,17,0,1,0,0,0,0,0,0,0,0,0,0,0,7,6.6,0.5,19.0,2.6,0.03,0.00,0.03,0.03,1,1,0,1,10,CHE,true
1,270,0,0,0,0,0,0,0,0,0,0,0,0,0,0,0,0.0,0.0,0.0,0.0,0.00,0.00,0.00,0.00,0,0,0,0,10,CHE,true
1,271,8,0,1,0,0,0,0,0,0,0,0,0,0,0,6,6.0,11.5,7.0,2.5,0.02,0.00,0.02,0.03,1,1,0,0,10,CHE,true
1,272,0,0,0,0,0,0,0,0,0,0,0,0,0,0,0,0.0,0.0,0.0,0.0,0.00,0.00,0.00,0.00,0,0,0,0,10,CHE,true
1,273,0,0,0,0,0,0,0,0,0,0,0,0,0,0,0,0.0,0.0,0.0,0.0,0.00,0.00,0.00,0.00,0,0,0,0,4,MUN,true
1,274,0,0,0,0,0,0,0,0,0,0,0,0,0,0,0,0.0,0.0,0.0,0.0,0.00,0.00,0.00,0.00,0,0,0,0,4,MUN,true
1,275,0,0,0,0,0,0,0,0,0,0,0,0,0,0,0,0.0,0.0,0.0,0.0,0.00,0.00,0.00,0.00,0,0,0,0,4,MUN,true
1,276,0,0,0,0,0,0,0,0,0,0,0,0,0,0,0,0.0,0.0,0.0,0.0,0.00,0.00,0.00,0.00,0,0,0,0,4,MUN,true
1,277,90,1,8,0,0,1,0,0,0,0,0,0,0,0,27,43.4,0.1,2.0,4.6,0.00,0.00,0.00,1.83,21,20,1,3,4,MUN,true
1,278,0,0,0,0,0,0,0,0,0,0,0,0,0,0,0,0.0,0.0,0.0,0.0,0.00,0.00,0.00,0.00,0,0,0,0,4,MUN,true
1,279,63,1,14,1,0,1,0,0,0,0,0,0,0,2,39,44.2,0.2,35.0,7.9,0.52,0.00,0.52,0.86,7,7,0,3,4,MUN,true
1,280,69,1,6,0,0,1,0,0,0,0,0,0,0,0,23,5.8,11.3,0.0,1.7,0.00,0.01,0.01,1.16,2,1,1,3,4,MUN,true
1,281,20,0,1,0,0,0,0,0,0,0,0,0,0,0,4,2.2,0.0,1.0,0.3,0.05,0.00,0.05,0.67,3,2,1,2,4,MUN,true
1,282,84,1,6,0,0,1,0,0,0,0,0,0,0,0,24,13.8,18.8,4.0,3.7,0.02,0.07,0.09,1.76,6,5,1,1,4,MUN,true
1,283,0,0,0,0,0,0,0,0,0,0,0,0,0,0,0,0.0,0.0,0.0,0.0,0.00,0.00,0.00,0.00,0,0,0,0,4,MUN,true
1,284,0,0,0,0,0,0,0,0,0,0,0,0,0,0,0,0.0,0.0,0.0,0.0,0.00,0.00,0.00,0.00,0,0,0,0,4,MUN,true
1,285,26,0,1,0,0,0,0,0,0,0,0,0,0,0,3,4.2,0.0,0.0,0.4,0.00,0.00,0.00,0.96,2,2,0,1,4,MUN,true
1,286,90,1,3,0,0,1,0,0,0,0,0,0,0,0,8,10.6,2.2,7.0,2.0,0.05,0.03,0.08,1.83,10,3,4,3,4,MUN,true
1,287,19,0,0,0,0,0,0,0,0,0,1,0,0,0,2,2.0,0.3,2.0,0.4,0.00,0.00,0.00,0.67,3,1,1,1,4,MUN,true
1,288,0,0,0,0,0,0,0,0,0,0,0,0,0,0,0,0.0,0.0,0.0,0.0,0.00,0.00,0.00,0.00,0,0,0,0,4,MUN,true
1,289,90,1,2,0,0,1,0,0,0,0,1,0,0,0,9,19.0,2.4,0.0,2.1,0.00,0.00,0.00,1.83,9,4,4,1,4,MUN,true
1,290,90,1,6,0,1,1,0,0,0,0,0,0,0,0,20,18.4,19.3,0.0,3.8,0.00,0.44,0.44,1.83,3,0,1,2,4,MUN,true
1,291,0,0,0,0,0,0,0,0,0,0,0,0,0,0,0,0.0,0.0,0.0,0.0,0.00,0.00,0.00,0.00,0,0,0,0,4,MUN,true
1,292,0,0,0,0,0,0,0,0,0,0,0,0,0,0,0,0.0,0.0,0.0,0.0,0.00,0.00,0.00,0.00,0,0,0,0,4,MUN,true
1,293,0,0,0,0,0,0,0,0,0,0,0,0,0,0,0,0.0,0.0,0.0,0.0,0.00,0.00,0.00,0.00,0,0,0,0,4,MUN,true
1,294,0,0,0,0,0,0,0,0,0,0,0,0,0,0,0,0.0,0.0,0.0,0.0,0.00,0.00,0.00,0.00,0,0,0,0,4,MUN,true
1,295,90,1,5,0,1,1,0,0,0,0,0,0,0,0,21,17.2,21.1,52.0,9.0,0.16,0.01,0.17,1.83,5,3,0,2,4,MUN,true
1,296,0,0,0,0,0,0,0,0,0,0,0,0,0,0,0,0.0,0.0,0.0,0.0,0.00,0.00,0.00,0.00,0,0,0,0,4,MUN,true
1,297,0,0,0,0,0,0,0,0,0,0,0,0,0,0,0,0.0,0.0,0.0,0.0,0.00,0.00,0.00,0.00,0,0,0,0,4,MUN,true
1,298,0,0,0,0,0,0,0,0,0,0,0,0,0,0,0,0.0,0.0,0.0,0.0,0.00,0.00,0.00,0.00,0,0,0,0,4,MUN,true
1,299,0,0,0,0,0,0,0,0,0,0,0,0,0,0,0,0.0,0.0,0.0,0.0,0.00,0.00,0.00,0.00,0,0,0,0,4,MUN,true
1,300,0,0,0,0,0,0,0,0,0,0,0,0,0,0,0,0.0,0.0,0.0,0.0,0.00,0.00,0.00,0.00,0,0,0,0,5,SUN,true
1,301,0,0,0,0,0,0,0,0,0,0,0,0,0,0,0,0.0,0.0,0.0,0.0,0.00,0.00,0.00,0.00,0,0,0,0,5,SUN,true
1,302,0,0,0,0,0,0,0,0,0,0,0,0,0,0,0,0.0,0.0,0.0,0.0,0.00,0.00,0.00,0.00,0,0,0,0,5,SUN,true
1,303,0,0,0,0,0,0,0,0,0,0,0,0,0,0,0,0.0,0.0,0.0,0.0,0.00,0.00,0.00,0.00,0,0,0,0,5,SUN,true
1,304,90,1,4,0,0,0,1,0,0,0,0,0,0,0,16,48.0,24.5,2.0,7.5,0.00,0.16,0.16,0.66,18,16,2,6,5,SUN,true
1,305,90,1,2,0,0,0,1,0,0,0,0,0,0,0,10,15.2,2.3,0.0,1.8,0.00,0.01,0.01,0.66,7,7,0,4,5,SUN,true
1,306,90,1,2,0,0,0,1,0,0,0,0,0,0,0,12,16.4,1.3,0.0,1.8,0.00,0.00,0.00,0.66,7,4,3,1,5,SUN,true
1,307,0,0,0,0,0,0,0,0,0,0,0,0,0,0,0,0.0,0.0,0.0,0.0,0.00,0.00,0.00,0.00,0,0,0,0,5,SUN,true
1,308,0,0,0,0,0,0,0,0,0,0,0,0,0,0,0,0.0,0.0,0.0,0.0,0.00,0.00,0.00,0.00,0,0,0,0,5,SUN,true
1,309,79,1,4,0,0,0,1,0,0,0,0,0,0,0,26,13.0,7.3,4.0,2.4,0.03,0.03,0.06,0.63,12,4,2,6,5,SUN,true
1,310,0,0,0,0,0,0,0,0,0,0,0,0,0,0,0,0.0,0.0,0.0,0.0,0.00,0.00,0.00,0.00,0,0,0,0,5,SUN,true
1,311,0,0,0,0,0,0,0,0,0,0,0,0,0,0,0,0.0,0.0,0.0,0.0,0.00,0.00,0.00,0.00,0,0,0,0,5,SUN,true
1,312,0,0,0,0,0,0,0,0,0,0,0,0,0,0,0,0.0,0.0,0.0,0.0,0.00,0.00,0.00,0.00,0,0,0,0,5,SUN,true
1,313,19,0,7,1,0,0,0,0,0,0,0,0,0,1,27,33.6,0.6,18.0,5.2,0.10,0.00,0.10,0.03,2,0,1,1,5,SUN,true
1,314,0,0,0,0,0,0,0,0,0,0,0,0,0,0,0,0.0,0.0,0.0,0.0,0.00,0.00,0.00,0.00,0,0,0,0,5,SUN,true
1,315,65,1,2,0,0,0,1,0,0,0,0,0,0,0,22,18.6,28.4,8.0,5.5,0.00,0.41,0.41,0.63,7,1,4,2,5,SUN,true
1,316,65,1,9,1,0,0,1,0,0,0,0,0,0,3,41,45.6,26.3,40.0,11.2,0.82,0.06,0.88,0.63,3,1,1,1,5,SUN,true
1,317,0,0,0,0,0,0,0,0,0,0,0,0,0,0,0,0.0,0.0,0.0,0.0,0.00,0.00,0.00,0.00,0,0,0,0,5,SUN,true
1,318,0,0,0,0,0,0,0,0,0,0,0,0,0,0,0,0.0,0.0,0.0,0.0,0.00,0.00,0.00,0.00,0,0,0,0,5,SUN,true
1,319,0,0,0,0,0,0,0,0,0,0,0,0,0,0,0,0.0,0.0,0.0,0.0,0.00,0.00,0.00,0.00,0,0,0,0,5,SUN,true
1,320,24,0,1,0,0,0,0,0,0,0,0,0,0,0,3,1.4,0.0,2.0,0.3,0.00,0.00,0.00,0.03,3,0,1,2,5,SUN,true
1,321,10,0,1,0,0,0,0,0,0,0,0,0,0,0,3,0.0,0.1,0.0,0.0,0.00,0.00,0.00,0.03,0,0,0,0,5,SUN,true
1,322,0,0,0,0,0,0,0,0,0,0,0,0,0,0,0,0.0,0.0,0.0,0.0,0.00,0.00,0.00,0.00,0,0,0,0,5,SUN,true
1,323,24,0,1,0,0,0,0,0,0,0,0,0,0,0,4,1.2,1.3,0.0,0.3,0.00,0.00,0.00,0.03,3,0,1,2,5,SUN,true
1,324,0,0,0,0,0,0,0,0,0,0,0,0,0,0,0,0.0,0.0,0.0,0.0,0.00,0.00,0.00,0.00,0,0,0,0,5,SUN,true
1,325,0,0,0,0,0,0,0,0,0,0,0,0,0,0,0,0.0,0.0,0.0,0.0,0.00,0.00,0.00,0.00,0,0,0,0,4,HUL,false
1,326,0,0,0,0,0,0,0,0,0,0,0,0,0,0,0,0.0,0.0,0.0,0.0,0.00,0.00,0.00,0.00,0,0,0,0,6,NFO,false
1,327,90,1,10,0,0,1,0,0,0,0,0,0,0,2,28,23.6,0.4,15.0,3.9,0.11,0.00,0.11,0.66,12,11,1,5,6,NFO,false
1,328,0,0,0,0,0,0,0,0,0,0,0,0,0,0,0,0.0,0.0,0.0,0.0,0.00,0.00,0.00,0.00,0,0,0,0,7,AVL,true
1,329,90,1,6,0,0,1,0,0,0,0,0,0,0,0,21,14.4,14.4,5.0,3.4,0.03,0.06,0.09,0.66,7,6,1,1,6,NFO,false
1,330,90,1,6,0,0,1,0,0,0,0,0,0,0,0,24,7.0,1.1,0.0,0.8,0.00,0.00,0.00,0.66,3,2,1,3,6,NFO,false
1,331,0,0,0,0,0,0,0,0,0,0,0,0,0,0,0,0.0,0.0,0.0,0.0,0.00,0.00,0.00,0.00,0,0,0,0,6,NFO,false
1,332,90,1,10,0,0,1,0,0,0,0,0,0,0,2,28,24.6,2.3,2.0,2.9,0.00,0.01,0.01,0.66,12,6,6,4,6,NFO,false
1,333,0,0,0,0,0,0,0,0,0,0,0,0,0,0,0,0.0,0.0,0.0,0.0,0.00,0.00,0.00,0.00,0,0,0,0,6,NFO,false
1,334,90,1,6,0,0,1,0,0,0,0,0,0,0,0,25,15.6,0.6,17.0,3.3,0.09,0.00,0.09,0.66,7,7,0,1,6,NFO,false
1,335,90,1,13,1,0,1,0,0,0,0,0,0,0,3,37,47.8,2.3,16.0,6.6,0.10,0.05,0.15,0.66,16,8,3,5,6,NFO,false
1,336,24,0,1,0,0,0,0,0,0,0,0,0,0,0,10,10.0,14.0,4.0,2.8,0.00,0.16,0.16,0.13,5,1,2,2,6,NFO,false
1,337,81,1,3,0,0,1,0,0,0,0,0,0,0,0,16,8.0,1.1,7.0,1.6,0.01,0.01,0.02,0.58,7,0,1,6,6,NFO,false
1,338,90,1,5,0,0,1,0,0,0,0,0,0,0,0,18,18.6,23.3,0.0,4.2,0.00,0.04,0.04,0.66,13,6,2,5,6,NFO,false
1,339,8,0,1,0,0,0,0,0,0,0,0,0,0,0,3,0.0,0.2,0.0,0.0,0.00,0.00,0.00,0.07,0,0,0,0,6,NFO,false
1,340,0,0,0,0,0,0,0,0,0,0,0,0,0,0,0,0.0,0.0,0.0,0.0,0.00,0.00,0.00,0.00,0,0,0,0,4,MUN,true
1,341,0,0,0,0,0,0,0,0,0,0,0,0,0,0,0,0.0,0.0,0.0,0.0,0.00,0.00,0.00,0.00,0,0,0,0,6,NFO,false
1,342,0,0,0,0,0,0,0,0,0,0,0,0,0,0,0,0.0,0.0,0.0,0.0,0.00,0.00,0.00,0.00,0,0,0,0,6,NFO,false
1,343,0,0,0,0,0,0,0,0,0,0,0,0,0,0,0,0.0,0.0,0.0,0.0,0.00,0.00,0.00,0.00,0,0,0,0,6,NFO,false
1,344,0,0,0,0,0,0,0,0,0,0,0,0,0,0,0,0.0,0.0,0.0,0.0,0.00,0.00,0.00,0.00,0,0,0,0,6,NFO,false
1,345,0,0,0,0,0,0,0,0,0,0,0,0,0,0,0,0.0,0.0,0.0,0.0,0.00,0.00,0.00,0.00,0,0,0,0,6,NFO,false
1,346,90,1,1,0,0,1,0,0,0,0,1,0,0,0,-2,0.0,0.8,11.0,0.7,0.13,0.00,0.13,0.66,2,0,0,2,6,NFO,false
1,347,0,0,0,0,0,0,0,0,0,0,0,0,0,0,0,0.0,0.0,0.0,0.0,0.00,0.00,0.00,0.00,0,0,0,0,6,NFO,false
1,348,0,0,0,0,0,0,0,0,0,0,0,0,0,0,0,0.0,0.0,0.0,0.0,0.00,0.00,0.00,0.00,0,0,0,0,6,NFO,false
1,349,0,0,0,0,0,0,0,0,0,0,0,0,0,0,0,0.0,0.0,0.0,0.0,0.00,0.00,0.00,0.00,0,0,0,0,6,NFO,false
1,350,90,1,2,0,0,0,2,0,0,0,0,0,3,0,7,17.8,0.0,0.0,1.8,0.00,0.00,0.00,1.58,0,2,0,6,9,NEW,false
1,351,0,0,0,0,0,0,0,0,0,0,0,0,0,0,0,0.0,0.0,0.0,0.0,0.00,0.00,0.00,0.00,0,0,0,0,9,NEW,false
1,352,0,0,0,0,0,0,0,0,0,0,0,0,0,0,0,0.0,0.0,0.0,0.0,0.00,0.00,0.00,0.00,0,0,0,0,9,NEW,false
1,353,0,0,0,0,0,0,0,0,0,0,0,0,0,0,0,0.0,0.0,0.0,0.0,0.00,0.00,0.00,0.00,0,0,0,0,9,NEW,false
1,354,0,0,0,0,0,0,0,0,0,0,0,0,0,0,0,0.0,0.0,0.0,0.0,0.00,0.00,0.00,0.00,0,0,0,0,9,NEW,false
1,355,0,0,0,0,0,0,0,0,0,0,0,0,0,0,0,0.0,0.0,0.0,0.0,0.00,0.00,0.00,0.00,0,0,0,0,9,NEW,false
1,356,90,1,2,0,0,0,2,0,0,0,1,0,0,0,8,25.6,1.6,24.0,5.1,0.25,0.01,0.26,1.58,11,9,2,6,9,NEW,false
1,357,90,1,0,0,0,0,2,0,0,0,1,0,0,0,3,13.6,37.8,10.0,6.1,0.01,0.09,0.10,1.58,2,1,1,3,9,NEW,false
1,358,90,1,0,0,0,0,2,0,0,0,1,0,0,0,3,18.0,13.8,12.0,4.4,0.02,0.02,0.04,1.58,7,4,3,3,9,NEW,false
1,359,0,0,0,0,0,0,0,0,0,0,0,0,0,0,0,0.0,0.0,0.0,0.0,0.00,0.00,0.00,0.00,0,0,0,0,9,NEW,false
1,360,0,0,0,0,0,0,0,0,0,0,0,0,0,0,0,0.0,0.0,0.0,0.0,0.00,0.00,0.00,0.00,0,0,0,0,9,NEW,false
1,361,0,0,0,0,0,0,0,0,0,0,0,0,0,0,0,0.0,0.0,0.0,0.0,0.00,0.00,0.00,0.00,0,0,0,0,9,NEW,false
1,362,69,1,1,0,0,0,2,0,0,0,0,0,0,0,9,12.4,11.9,0.0,2.4,0.00,0.02,0.02,1.04,3,2,1,3,9,NEW,false
1,363,0,0,0,0,0,0,0,0,0,0,0,0,0,0,0,0.0,0.0,0.0,0.0,0.00,0.00,0.00,0.00,0,0,0,0,9,NEW,false
1,364,0,0,0,0,0,0,0,0,0,0,0,0,0,0,0,0.0,0.0,0.0,0.0,0.00,0.00,0.00,0.00,0,0,0,0,9,NEW,false
1,365,0,0,0,0,0,0,0,0,0,0,0,0,0,0,0,0.0,0.0,0.0,0.0,0.00,0.00,0.00,0.00,0,0,0,0,9,NEW,false
1,366,62,1,2,0,0,0,2,0,0,0,0,0,0,0,16,9.8,17.9,29.0,5.7,0.26,0.04,0.30,0.51,5,0,1,4,9,NEW,false
1,367,90,1,12,1,0,0,2,0,0,0,0,0,0,3,33,44.0,34.0,37.0,11.5,0.30,0.15,0.45,1.58,12,4,3,5,9,NEW,false
1,368,90,1,8,1,0,0,2,0,0,0,0,0,0,1,29,50.4,47.1,21.0,11.9,0.85,0.27,1.12,1.58,7,2,1,4,9,NEW,false
1,369,62,1,2,0,0,0,2,0,0,0,0,0,0,0,9,2.4,6.0,5.0,1.3,0.04,0.02,0.06,0.51,3,0,1,2,9,NEW,false
1,370,0,0,0,0,0,0,0,0,0,0,0,0,0,0,0,0.0,0.0,0.0,0.0,0.00,0.00,0.00,0.00,0,0,0,0,9,NEW,false
1,371,77,1,5,0,1,0,2,0,0,0,0,0,0,0,26,24.4,16.0,4.0,4.4,0.06,0.05,0.11,1.10,11,2,1,8,9,NEW,false
1,372,27,0,1,0,0,0,0,0,0,0,0,0,0,0,9,5.8,1.4,0.0,0.7,0.00,0.01,0.01,1.07,3,0,2,1,9,NEW,false
1,373,0,0,0,0,0,0,0,0,0,0,0,0,0,0,0,0.0,0.0,0.0,0.0,0.00,0.00,0.00,0.00,0,0,0,0,9,NEW,false
1,374,0,0,0,0,0,0,0,0,0,0,0,0,0,0,0,0.0,0.0,0.0,0.0,0.00,0.00,0.00,0.00,0,0,0,0,9,NEW,false
1,375,0,0,0,0,0,0,0,0,0,0,0,0,0,0,0,0.0,0.0,0.0,0.0,0.00,0.00,0.00,0.00,0,0,0,0,9,NEW,false
1,376,0,0,0,0,0,0,0,0,0,0,0,0,0,0,0,0.0,0.0,0.0,0.0,0.00,0.00,0.00,0.00,0,0,0,0,9,NEW,false
1,377,27,0,4,0,1,0,0,0,0,0,0,0,0,0,15,4.0,8.9,14.0,2.7,0.10,0.04,0.14,1.07,0,0,0,0,9,NEW,false
1,378,0,0,0,0,0,0,0,0,0,0,0,0,0,0,0,0.0,0.0,0.0,0.0,0.00,0.00,0.00,0.00,0,0,0,0,9,NEW,false
1,379,90,1,2,0,0,0,2,0,0,0,0,0,0,0,6,11.4,14.6,66.0,9.2,1.09,0.01,1.10,1.58,1,1,0,0,9,NEW,false
1,380,0,0,0,0,0,0,0,0,0,0,0,0,0,0,0,0.0,0.0,0.0,0.0,0.00,0.00,0.00,0.00,0,0,0,0,9,NEW,false
1,381,12,0,1,0,0,0,0,0,0,0,0,0,0,0,4,1.2,0.5,7.0,0.9,0.03,0.00,0.03,0.48,1,0,0,1,9,NEW,false
1,382,0,0,0,0,0,0,0,0,0,0,0,0,0,0,0,0.0,0.0,0.0,0.0,0.00,0.00,0.00,0.00,0,0,0,0,9,NEW,false
1,383,0,0,0,0,0,0,0,0,0,0,0,0,0,0,0,0.0,0.0,0.0,0.0,0.00,0.00,0.00,0.00,0,0,0,0,9,NEW,false
1,384,90,1,3,0,0,0,1,0,0,0,0,0,3,0,12,26.8,0.0,0.0,2.7,0.00,0.00,0.00,0.65,0,1,0,4,8,BOU,true
1,385,90,1,9,0,0,1,0,0,0,0,0,0,3,2,28,19.4,0.0,0.0,1.9,0.00,0.00,0.00,0.66,0,0,0,9,6,NFO,false
1,386,0,0,0,0,0,0,0,0,0,0,0,0,0,0,0,0.0,0.0,0.0,0.0,0.00,0.00,0.00,0.00,0,0,0,0,8,BOU,true
1,387,62,1,2,0,0,0,1,0,0,0,0,0,0,0,5,8.8,30.4,11.0,5.0,0.07,0.41,0.48,0.55,2,1,1,5,8,BOU,true
1,388,90,1,10,1,0,0,1,0,0,0,0,0,0,2,31,43.6,17.5,28.0,8.9,0.89,0.32,1.21,0.65,4,1,3,4,8,BOU,true
1,389,33,0,1,0,0,0,0,0,0,0,0,0,0,0,4,3.8,1.5,4.0,0.9,0.00,0.04,0.04,0.10,1,1,0,2,8,BOU,true
1,390,90,1,2,0,0,0,1,0,0,0,0,0,0,0,11,24.4,17.9,2.0,4.4,0.00,0.14,0.14,0.65,6,6,0,8,8,BOU,true
1,391,90,1,9,1,0,0,1,0,0,0,0,0,0,1,28,47.6,13.3,17.0,7.8,0.19,0.05,0.24,0.65,7,5,2,5,8,BOU,true
1,392,0,0,0,0,0,0,0,0,0,0,0,0,0,0,0,0.0,0.0,0.0,0.0,0.00,0.00,0.00,0.00,0,0,0,0,8,BOU,true
1,393,90,1,2,0,0,0,1,0,0,0,0,0,0,0,14,17.0,3.4,0.0,2.0,0.00,0.02,0.02,0.65,4,2,2,6,8,BOU,true
1,394,0,0,0,0,0,0,0,0,0,0,0,0,0,0,0,0.0,0.0,0.0,0.0,0.00,0.00,0.00,0.00,0,0,0,0,8,BOU,true
1,395,56,1,1,0,0,0,1,0,0,0,0,0,0,0,-1,3.8,3.8,39.0,4.7,0.17,0.02,0.19,0.55,2,2,0,0,8,BOU,true
1,396,0,0,0,0,0,0,0,0,0,0,0,0,0,0,0,0.0,0.0,0.0,0.0,0.00,0.00,0.00,0.00,0,0,0,0,8,BOU,true
1,397,90,1,2,0,0,0,1,0,0,0,0,0,0,0,16,5.8,8.9,31.0,4.6,0.06,0.02,0.08,0.65,5,0,1,4,8,BOU,true
1,398,81,1,1,0,0,0,1,0,0,0,1,0,0,0,15,10.4,49.6,15.0,7.5,0.12,0.40,0.52,0.65,6,0,3,3,8,BOU,true
1,399,27,0,8,0,2,0,0,0,0,0,0,0,0,1,28,39.2,48.8,4.0,9.2,0.00,0.50,0.50,0.10,0,0,0,0,8,BOU,true
1,400,0,0,0,0,0,0,0,0,0,0,0,0,0,0,0,0.0,0.0,0.0,0.0,0.00,0.00,0.00,0.00,0,0,0,0,8,BOU,true
1,401,0,0,0,0,0,0,0,0,0,0,0,0,0,0,0,0.0,0.0,0.0,0.0,0.00,0.00,0.00,0.00,0,0,0,0,8,BOU,true
1,402,0,0,0,0,0,0,0,0,0,0,0,0,0,0,0,0.0,0.0,0.0,0.0,0.00,0.00,0.00,0.00,0,0,0,0,8,BOU,true
1,403,0,0,0,0,0,0,0,0,0,0,0,0,0,0,0,0.0,0.0,0.0,0.0,0.00,0.00,0.00,0.00,0,0,0,0,8,BOU,true
1,404,0,0,0,0,0,0,0,0,0,0,0,0,0,0,0,0.0,0.0,0.0,0.0,0.00,0.00,0.00,0.00,0,0,0,0,8,BOU,true
1,405,0,0,0,0,0,0,0,0,0,0,0,0,0,0,0,0.0,0.0,0.0,0.0,0.00,0.00,0.00,0.00,0,0,0,0,8,BOU,true
1,406,27,0,1,0,0,0,0,0,0,0,0,0,0,0,3,2.2,2.1,0.0,0.4,0.00,0.01,0.01,0.10,2,0,0,2,8,BOU,true
1,407,0,0,0,0,0,0,0,0,0,0,0,0,0,0,0,0.0,0.0,0.0,0.0,0.00,0.00,0.00,0.00,0,0,0,0,8,BOU,true
1,408,0,0,0,0,0,0,0,0,0,0,0,0,0,0,0,0.0,0.0,0.0,0.0,0.00,0.00,0.00,0.00,0,0,0,0,8,BOU,true
1,409,0,0,0,0,0,0,0,0,0,0,0,0,0,0,0,0.0,0.0,0.0,0.0,0.00,0.00,0.00,0.00,0,0,0,0,8,BOU,true
1,410,0,0,0,0,0,0,0,0,0,0,0,0,0,0,0,0.0,0.0,0.0,0.0,0.00,0.00,0.00,0.00,0,0,0,0,8,BOU,true
1,411,90,1,2,0,0,0,1,0,0,0,0,0,0,0,6,3.8,5.2,50.0,5.9,0.74,0.02,0.76,0.65,3,0,0,3,8,BOU,true
1,412,90,1,1,0,0,0,2,0,0,0,0,0,2,0,7,20.2,0.0,0.0,2.0,0.00,0.00,0.00,1.01,0,2,0,8,4,HUL,false
1,413,0,0,0,0,0,0,0,0,0,0,0,0,0,0,0,0.0,0.0,0.0,0.0,0.00,0.00,0.00,0.00,0,0,0,0,4,HUL,false
1,414,0,0,0,0,0,0,0,0,0,0,0,0,0,0,0,0.0,0.0,0.0,0.0,0.00,0.00,0.00,0.00,0,0,0,0,4,HUL,false
1,415,45,1,0,0,0,0,2,0,0,0,1,0,0,0,-11,0.0,1.2,16.0,0.7,0.47,0.03,0.50,0.92,1,1,0,0,4,HUL,false
1,416,0,0,0,0,0,0,0,0,0,0,0,0,0,0,0,0.0,0.0,0.0,0.0,0.00,0.00,0.00,0.00,0,0,0,0,4,HUL,false
1,417,10,0,1,0,0,0,0,0,0,0,0,0,0,0,6,7.6,11.3,0.0,1.9,0.00,0.00,0.00,0.00,3,1,2,1,4,HUL,false
1,418,90,1,1,0,0,0,2,0,0,0,0,0,0,0,15,25.4,28.6,19.0,7.3,0.04,0.40,0.44,1.01,4,4,0,5,4,HUL,false
1,419,0,0,0,0,0,0,0,0,0,0,0,0,0,0,0,0.0,0.0,0.0,0.0,0.00,0.00,0.00,0.00,0,0,0,0,4,HUL,false
1,420,0,0,0,0,0,0,0,0,0,0,0,0,0,0,0,0.0,0.0,0.0,0.0,0.00,0.00,0.00,0.00,0,0,0,0,4,HUL,false
1,421,90,1,1,0,0,0,2,0,0,0,0,0,0,0,5,6.8,2.6,11.0,2.0,0.12,0.04,0.16,1.01,2,1,1,4,4,HUL,false
1,422,79,1,1,0,0,0,2,0,0,0,0,0,0,0,8,17.4,29.4,9.0,5.6,0.22,0.05,0.27,1.01,5,4,1,3,4,HUL,false
1,423,90,1,1,0,0,0,2,0,0,0,0,0,0,0,13,25.2,59.2,6.0,9.0,0.00,0.26,0.26,1.01,4,3,1,3,4,HUL,false
1,424,0,0,0,0,0,0,0,0,0,0,0,0,0,0,0,0.0,0.0,0.0,0.0,0.00,0.00,0.00,0.00,0,0,0,0,4,HUL,false
1,425,0,0,0,0,0,0,0,0,0,0,0,0,0,0,0,0.0,0.0,0.0,0.0,0.00,0.00,0.00,0.00,0,0,0,0,4,HUL,false
1,426,90,1,2,0,0,0,2,0,0,0,0,0,0,0,18,20.2,55.4,17.0,9.3,0.08,0.26,0.34,1.01,6,1,0,5,4,HUL,false
1,427,90,1,2,0,0,0,2,0,0,0,0,0,0,0,12,9.6,28.1,49.0,8.7,0.50,0.23,0.73,1.01,4,0,0,4,4,HUL,false
1,428,79,1,2,0,0,0,2,0,0,0,0,0,0,0,14,5.4,28.2,35.0,6.9,0.24,0.21,0.45,1.01,3,0,0,3,4,HUL,false
1,429,45,0,1,0,0,0,0,0,0,0,0,0,0,0,9,11.6,48.6,4.0,6.4,0.00,0.10,0.10,0.09,1,0,0,1,4,HUL,false
1,430,0,0,0,0,0,0,0,0,0,0,0,0,0,0,0,0.0,0.0,0.0,0.0,0.00,0.00,0.00,0.00,0,0,0,0,4,HUL,false
1,431,0,0,0,0,0,0,0,0,0,0,0,0,0,0,0,0.0,0.0,0.0,0.0,0.00,0.00,0.00,0.00,0,0,0,0,4,HUL,false
1,432,23,0,1,0,0,0,0,0,0,0,0,0,0,0,7,2.8,2.5,2.0,0.7,0.07,0.01,0.08,0.07,1,0,0,1,4,HUL,false
1,433,0,0,0,0,0,0,0,0,0,0,0,0,0,0,0,0.0,0.0,0.0,0.0,0.00,0.00,0.00,0.00,0,0,0,0,4,HUL,false
1,434,0,0,0,0,0,0,0,0,0,0,0,0,0,0,0,0.0,0.0,0.0,0.0,0.00,0.00,0.00,0.00,0,0,0,0,4,HUL,false
1,435,10,0,1,0,0,0,0,0,0,0,0,0,0,0,3,0.2,0.6,0.0,0.1,0.00,0.00,0.00,0.00,1,0,0,1,4,HUL,false
1,436,0,0,0,0,0,0,0,0,0,0,0,0,0,0,0,0.0,0.0,0.0,0.0,0.00,0.00,0.00,0.00,0,0,0,0,4,HUL,false
1,437,0,0,0,0,0,0,0,0,0,0,0,0,0,0,0,0.0,0.0,0.0,0.0,0.00,0.00,0.00,0.00,0,0,0,0,4,HUL,false
1,438,0,0,0,0,0,0,0,0,0,0,0,0,0,0,0,0.0,0.0,0.0,0.0,0.00,0.00,0.00,0.00,0,0,0,0,4,HUL,false
1,439,23,0,1,0,0,0,0,0,0,0,0,0,0,0,2,0.0,0.5,9.0,0.9,0.04,0.00,0.04,0.07,0,0,0,0,4,HUL,false
1,440,0,0,0,0,0,0,0,0,0,0,0,0,0,0,0,0.0,0.0,0.0,0.0,0.00,0.00,0.00,0.00,0,0,0,0,4,HUL,false
1,441,0,0,0,0,0,0,0,0,0,0,0,0,0,0,0,0.0,0.0,0.0,0.0,0.00,0.00,0.00,0.00,0,0,0,0,4,HUL,false
1,442,0,0,0,0,0,0,0,0,0,0,0,0,0,0,0,0.0,0.0,0.0,0.0,0.00,0.00,0.00,0.00,0,0,0,0,9,LIV,true
1,443,0,0,0,0,0,0,0,0,0,0,0,0,0,0,0,0.0,0.0,0.0,0.0,0.00,0.00,0.00,0.00,0,0,0,0,9,LIV,true
1,444,0,0,0,0,0,0,0,0,0,0,0,0,0,0,0,0.0,0.0,0.0,0.0,0.00,0.00,0.00,0.00,0,0,0,0,9,LIV,true
1,445,90,1,3,0,0,0,2,0,0,0,0,0,0,0,0,37.8,0.2,0.0,3.8,0.00,0.00,0.00,2.98,15,15,0,2,9,LIV,true
1,446,1,0,1,0,0,0,1,0,0,0,0,0,0,0,-1,0.0,0.0,0.0,0.0,0.00,0.00,0.00,0.79,0,0,0,0,9,LIV,true
1,447,90,1,3,0,0,0,2,0,0,0,0,0,0,0,4,32.4,0.3,0.0,3.3,0.00,0.01,0.01,2.98,10,10,0,2,9,LIV,true
1,448,0,0,0,0,0,0,0,0,0,0,0,0,0,0,0,0.0,0.0,0.0,0.0,0.00,0.00,0.00,0.00,0,0,0,0,9,LIV,true
1,449,90,1,3,0,0,0,2,0,0,0,0,0,0,0,8,22.0,15.2,0.0,3.7,0.00,0.35,0.35,2.98,11,6,5,8,9,LIV,true
1,450,0,0,0,0,0,0,0,0,0,0,0,0,0,0,0,0.0,0.0,0.0,0.0,0.00,0.00,0.00,0.00,0,0,0,0,9,LIV,true
1,451,0,0,0,0,0,0,0,0,0,0,0,0,0,0,0,0.0,0.0,0.0,0.0,0.00,0.00,0.00,0.00,0,0,0,0,9,LIV,true
1,452,0,0,0,0,0,0,0,0,0,0,0,0,0,0,0,0.0,0.0,0.0,0.0,0.00,0.00,0.00,0.00,0,0,0,0,1,COV,true
1,453,90,1,2,0,0,0,2,0,0,0,0,0,0,0,12,5.2,2.4,9.0,1.7,0.07,0.02,0.09,2.98,8,3,1,4,9,LIV,true
1,454,75,1,9,1,0,0,1,0,0,0,0,0,0,2,31,37.4,3.5,28.0,6.9,0.22,0.01,0.23,1.94,2,1,0,1,9,LIV,true
1,455,90,1,2,0,0,0,3,0,0,0,0,0,0,0,14,6.2,6.4,8.0,2.1,0.04,0.06,0.10,3.87,4,0,1,3,2,BRE,false
1,456,34,0,0,0,0,0,1,0,0,0,1,0,0,0,1,7.8,1.3,4.0,1.3,0.06,0.01,0.07,1.50,6,3,2,1,9,LIV,true
1,457,14,0,0,0,0,0,1,0,0,0,1,0,0,0,-1,0.0,0.1,2.0,0.1,0.00,0.00,0.00,1.04,2,1,0,1,9,LIV,true
1,458,0,0,0,0,0,0,0,0,0,0,0,0,0,0,0,0.0,0.0,0.0,0.0,0.00,0.00,0.00,0.00,0,0,0,0,9,LIV,true
1,459,75,1,3,0,0,0,1,0,0,0,1,0,0,0,13,15.6,21.4,3.0,4.0,0.05,0.01,0.06,1.94,13,6,1,6,9,LIV,true
1,460,34,0,6,1,0,0,1,0,0,0,0,0,0,0,28,38.4,13.9,9.0,6.1,0.09,0.17,0.26,1.50,3,0,2,1,9,LIV,true
1,461,0,0,0,0,0,0,0,0,0,0,0,0,0,0,0,0.0,0.0,0.0,0.0,0.00,0.00,0.00,0.00,0,0,0,0,9,LIV,true
1,462,55,1,1,0,0,0,1,0,0,0,0,0,0,0,3,0.4,1.2,0.0,0.2,0.00,0.00,0.00,1.48,2,0,0,2,9,LIV,true
1,463,0,0,0,0,0,0,0,0,0,0,0,0,0,0,0,0.0,0.0,0.0,0.0,0.00,0.00,0.00,0.00,0,0,0,0,9,LIV,true
1,464,90,1,4,0,1,0,1,0,0,0,1,0,0,0,7,20.0,16.3,28.0,6.4,1.00,0.02,1.02,2.19,8,1,4,3,9,LIV,true
1,465,55,1,4,0,1,0,1,0,0,0,0,0,0,0,18,28.2,13.7,8.0,5.0,0.06,0.14,0.20,1.48,5,2,1,2,9,LIV,true
1,466,0,0,0,0,0,0,0,0,0,0,0,0,0,0,0,0.0,0.0,0.0,0.0,0.00,0.00,0.00,0.00,0,0,0,0,9,LIV,true
1,467,90,1,2,0,0,0,1,0,0,0,0,0,2,0,11,14.2,0.0,0.0,1.4,0.00,0.00,0.00,0.47,0,0,0,9,6,LEE,true
1,468,0,0,0,0,0,0,0,0,0,0,0,0,0,0,0,0.0,0.0,0.0,0.0,0.00,0.00,0.00,0.00,0,0,0,0,6,LEE,true
1,469,90,1,2,0,0,0,1,0,0,0,0,0,0,0,13,15.2,5.8,6.0,2.7,0.00,0.02,0.02,0.47,6,3,3,10,6,LEE,true
1,470,0,0,0,0,0,0,0,0,0,0,0,0,0,0,0,0.0,0.0,0.0,0.0,0.00,0.00,0.00,0.00,0,0,0,0,6,LEE,true
1,471,90,1,2,0,0,0,1,0,0,0,0,0,0,0,4,7.6,0.6,14.0,2.2,0.11,0.02,0.13,0.47,7,7,0,6,6,LEE,true
1,472,90,1,4,0,0,0,1,0,0,0,0,0,0,0,15,32.2,25.9,0.0,5.8,0.00,0.28,0.28,0.47,14,12,2,3,6,LEE,true
1,473,73,1,5,0,0,1,0,0,0,0,1,0,0,0,24,16.0,35.6,11.0,6.3,0.04,0.17,0.21,0.34,2,2,0,4,6,LEE,true
1,474,90,1,1,0,0,0,1,0,0,0,1,0,0,0,5,20.8,1.3,0.0,2.2,0.00,0.00,0.00,0.47,8,7,1,0,6,LEE,true
1,475,0,0,0,0,0,0,0,0,0,0,0,0,0,0,0,0.0,0.0,0.0,0.0,0.00,0.00,0.00,0.00,0,0,0,0,6,LEE,true
1,476,0,0,0,0,0,0,0,0,0,0,0,0,0,0,0,0.0,0.0,0.0,0.0,0.00,0.00,0.00,0.00,0,0,0,0,6,LEE,true
1,477,0,0,0,0,0,0,0,0,0,0,0,0,0,0,0,0.0,0.0,0.0,0.0,0.00,0.00,0.00,0.00,0,0,0,0,6,LEE,true
1,478,16,0,1,0,0,0,1,0,0,0,0,0,0,0,-2,0.0,0.9,0.0,0.1,0.00,0.00,0.00,0.13,0,0,0,1,6,LEE,true
1,479,0,0,0,0,0,0,0,0,0,0,0,0,0,0,0,0.0,0.0,0.0,0.0,0.00,0.00,0.00,0.00,0,0,0,0,6,LEE,true
1,480,90,1,2,0,0,0,1,0,0,0,0,0,0,0,10,0.0,9.3,16.0,2.4,0.13,0.06,0.19,0.47,3,1,0,2,6,LEE,true
1,481,62,1,2,0,0,0,1,0,0,0,0,0,0,0,14,7.2,20.8,0.0,2.8,0.00,0.25,0.25,0.55,6,1,2,3,8,BOU,true
1,482,0,0,0,0,0,0,0,0,0,0,0,0,0,0,0,0.0,0.0,0.0,0.0,0.00,0.00,0.00,0.00,0,0,0,0,6,LEE,true
1,483,61,1,3,0,0,1,0,0,0,0,0,0,0,0,5,1.4,2.5,0.0,0.4,0.00,0.00,0.00,0.25,3,1,1,1,6,LEE,true
1,484,0,0,0,0,0,0,0,0,0,0,0,0,0,0,0,0.0,0.0,0.0,0.0,0.00,0.00,0.00,0.00,0,0,0,0,6,LEE,true
1,485,0,0,0,0,0,0,0,0,0,0,0,0,0,0,0,0.0,0.0,0.0,0.0,0.00,0.00,0.00,0.00,0,0,0,0,6,LEE,true
1,486,73,1,3,0,0,1,0,0,0,0,0,0,0,0,18,11.6,42.5,0.0,5.4,0.00,0.16,0.16,0.34,8,2,1,5,6,LEE,true
1,487,0,0,0,0,0,0,0,0,0,0,0,0,0,0,0,0.0,0.0,0.0,0.0,0.00,0.00,0.00,0.00,0,0,0,0,6,LEE,true
1,488,90,1,2,0,0,0,1,0,0,0,0,0,0,0,10,17.8,13.0,3.0,3.4,0.03,0.01,0.04,0.47,6,3,0,3,6,LEE,true
1,489,0,0,0,0,0,0,0,0,0,0,0,0,0,0,0,0.0,0.0,0.0,0.0,0.00,0.00,0.00,0.00,0,0,0,0,6,LEE,true
1,490,28,0,1,0,0,0,1,0,0,0,0,0,0,0,3,0.0,2.4,3.0,0.4,0.12,0.01,0.13,0.22,1,0,0,1,6,LEE,true
1,491,90,1,2,0,0,0,1,0,0,0,0,0,0,0,8,5.2,6.8,31.0,4.3,0.22,0.02,0.24,0.47,3,2,0,1,6,LEE,true
1,492,20,0,1,0,0,0,0,0,0,0,0,0,0,0,4,0.0,1.4,0.0,0.1,0.00,0.00,0.00,0.29,1,0,0,1,1,ARS,false
1,493,1,0,1,0,0,0,0,0,0,0,0,0,0,0,3,0.0,0.0,0.0,0.0,0.00,0.00,0.00,0.00,0,0,0,0,6,LEE,true
1,494,0,0,0,0,0,0,0,0,0,0,0,0,0,0,0,0.0,0.0,0.0,0.0,0.00,0.00,0.00,0.00,0,0,0,0,2,BRE,false
1,495,0,0,0,0,0,0,0,0,0,0,0,0,0,0,0,0.0,0.0,0.0,0.0,0.00,0.00,0.00,0.00,0,0,0,0,2,BRE,false
1,496,90,1,2,0,0,0,3,0,0,0,0,0,5,0,15,43.6,0.0,0.0,4.4,0.00,0.00,0.00,3.87,0,4,0,12,2,BRE,false
1,497,0,0,0,0,0,0,0,0,0,0,0,0,0,0,0,0.0,0.0,0.0,0.0,0.00,0.00,0.00,0.00,0,0,0,0,2,BRE,false
1,498,90,1,3,0,0,0,3,0,0,0,0,0,0,0,10,36.6,2.2,0.0,3.9,0.00,0.02,0.02,3.87,16,11,5,2,2,BRE,false
1,499,0,0,0,0,0,0,0,0,0,0,0,0,0,0,0,0.0,0.0,0.0,0.0,0.00,0.00,0.00,0.00,0,0,0,0,2,BRE,false
1,500,0,0,0,0,0,0,0,0,0,0,0,0,0,0,0,0.0,0.0,0.0,0.0,0.00,0.00,0.00,0.00,0,0,0,0,2,BRE,false
1,501,0,0,0,0,0,0,0,0,0,0,0,0,0,0,0,0.0,0.0,0.0,0.0,0.00,0.00,0.00,0.00,0,0,0,0,2,BRE,false
1,502,90,1,3,0,0,0,3,0,0,0,0,0,0,0,13,31.8,19.2,2.0,5.3,0.00,0.06,0.06,3.87,11,9,2,3,2,BRE,false
1,503,0,0,0,0,0,0,0,0,0,0,0,0,0,0,0,0.0,0.0,0.0,0.0,0.00,0.00,0.00,0.00,0,0,0,0,2,BRE,false
1,504,90,1,6,0,0,1,0,0,0,0,0,0,0,0,19,12.4,4.5,12.0,2.9,0.13,0.03,0.16,0.29,4,4,0,2,7,AVL,true
1,505,0,0,0,0,0,0,0,0,0,0,0,0,0,0,0,0.0,0.0,0.0,0.0,0.00,0.00,0.00,0.00,0,0,0,0,2,BRE,false
1,506,4,0,1,0,0,0,0,0,0,0,0,0,0,0,3,0.0,0.7,0.0,0.0,0.00,0.02,0.02,0.44,0,0,0,2,2,BRE,false
1,507,0,0,0,0,0,0,0,0,0,0,0,0,0,0,0,0.0,0.0,0.0,0.0,0.00,0.00,0.00,0.00,0,0,0,0,2,BRE,false
1,508,0,0,0,0,0,0,0,0,0,0,0,0,0,0,0,0.0,0.0,0.0,0.0,0.00,0.00,0.00,0.00,0,0,0,0,2,BRE,false
1,509,0,0,0,0,0,0,0,0,0,0,0,0,0,0,0,0.0,0.0,0.0,0.0,0.00,0.00,0.00,0.00,0,0,0,0,2,BRE,false
1,510,0,0,0,0,0,0,0,0,0,0,0,0,0,0,0,0.0,0.0,0.0,0.0,0.00,0.00,0.00,0.00,0,0,0,0,2,BRE,false
1,511,0,0,0,0,0,0,0,0,0,0,0,0,0,0,0,0.0,0.0,0.0,0.0,0.00,0.00,0.00,0.00,0,0,0,0,2,BRE,false
1,512,0,0,0,0,0,0,0,0,0,0,0,0,0,0,0,0.0,0.0,0.0,0.0,0.00,0.00,0.00,0.00,0,0,0,0,2,BRE,false
1,513,0,0,0,0,0,0,0,0,0,0,0,0,0,0,0,0.0,0.0,0.0,0.0,0.00,0.00,0.00,0.00,0,0,0,0,2,BRE,false
1,514,90,1,2,0,0,0,3,0,0,0,0,0,0,0,17,10.4,26.0,9.0,4.5,0.06,0.06,0.12,3.87,8,1,0,7,2,BRE,false
1,515,22,0,1,0,0,0,0,0,0,0,0,0,0,0,6,4.4,8.3,8.0,2.1,0.00,0.01,0.01,0.85,2,1,0,1,2,BRE,false
1,516,45,0,1,0,0,0,1,0,0,0,0,0,0,0,8,2.0,14.7,0.0,1.7,0.00,0.01,0.01,2.18,5,0,3,2,2,BRE,false
1,517,0,0,0,0,0,0,0,0,0,0,0,0,0,0,0,0.0,0.0,0.0,0.0,0.00,0.00,0.00,0.00,0,0,0,0,2,BRE,false
1,518,0,0,0,0,0,0,0,0,0,0,0,0,0,0,0,0.0,0.0,0.0,0.0,0.00,0.00,0.00,0.00,0,0,0,0,2,BRE,false
1,519,45,1,0,0,0,0,2,0,0,0,1,0,0,0,1,0.0,5.5,1.0,0.5,0.02,0.06,0.08,1.70,3,0,1,2,2,BRE,false
1,520,45,1,1,0,0,0,2,0,0,0,0,0,0,0,2,0.0,2.0,2.0,0.0,0.00,0.01,0.01,1.70,8,0,1,7,2,BRE,false
1,521,0,0,0,0,0,0,0,0,0,0,0,0,0,0,0,0.0,0.0,0.0,0.0,0.00,0.00,0.00,0.00,0,0,0,0,2,BRE,false
1,522,85,1,2,0,0,0,3,0,0,0,0,0,0,0,15,6.2,3.3,0.0,1.0,0.00,0.01,0.01,3.43,5,2,1,2,2,BRE,false
1,523,67,1,2,0,0,0,3,0,0,0,0,0,0,0,10,14.2,5.9,55.0,7.5,0.38,0.02,0.40,3.02,2,0,1,1,2,BRE,false
1,524,0,0,0,0,0,0,0,0,0,0,0,0,0,0,0,0.0,0.0,0.0,0.0,0.00,0.00,0.00,0.00,0,0,0,0,2,BRE,false
1,525,45,0,1,0,0,0,1,0,0,0,0,0,0,0,16,7.2,27.2,2.0,3.6,0.00,0.06,0.06,2.18,2,0,1,1,2,BRE,false
1,526,22,0,1,0,0,0,0,0,0,0,0,0,0,0,3,0.0,0.0,5.0,0.5,0.07,0.00,0.07,0.85,0,0,0,0,2,BRE,false
1,527,67,1,2,0,0,0,3,0,0,0,0,0,0,0,6,0.0,2.2,0.0,0.2,0.00,0.00,0.00,3.02,1,1,0,0,2,BRE,false
1,528,0,0,0,0,0,0,0,0,0,0,0,0,0,0,0,0.0,0.0,0.0,0.0,0.00,0.00,0.00,0.00,0,0,0,0,2,BRE,false
1,529,90,1,1,0,0,0,2,0,0,0,0,0,1,0,7,15.2,0.0,0.0,1.5,0.00,0.00,0.00,1.80,0,1,0,8,5,IPS,false
1,530,0,0,0,0,0,0,0,0,0,0,0,0,0,0,0,0.0,0.0,0.0,0.0,0.00,0.00,0.00,0.00,0,0,0,0,5,IPS,false
1,531,0,0,0,0,0,0,0,0,0,0,0,0,0,0,0,0.0,0.0,0.0,0.0,0.00,0.00,0.00,0.00,0,0,0,0,5,IPS,false
1,532,90,1,0,0,0,0,2,0,0,0,1,0,0,0,4,18.2,1.2,0.0,1.9,0.00,0.01,0.01,1.80,9,7,2,0,5,IPS,false
1,533,0,0,0,0,0,0,0,0,0,0,0,0,0,0,0,0.0,0.0,0.0,0.0,0.00,0.00,0.00,0.00,0,0,0,0,5,IPS,false
1,534,79,1,2,0,0,0,1,0,0,0,0,0,0,0,14,9.4,39.4,13.0,6.2,0.04,0.27,0.31,1.69,4,1,3,6,5,IPS,false
1,535,23,0,1,0,0,0,1,0,0,0,0,0,0,0,2,0.0,0.6,0.0,0.0,0.00,0.01,0.01,0.10,0,0,0,2,5,IPS,false
1,536,90,1,1,0,0,0,2,0,0,0,0,0,0,0,9,23.0,27.5,4.0,5.5,0.00,0.29,0.29,1.80,8,5,3,5,5,IPS,false
1,537,0,0,0,0,0,0,0,0,0,0,0,0,0,0,0,0.0,0.0,0.0,0.0,0.00,0.00,0.00,0.00,0,0,0,0,5,IPS,false
1,538,0,0,0,0,0,0,0,0,0,0,0,0,0,0,0,0.0,0.0,0.0,0.0,0.00,0.00,0.00,0.00,0,0,0,0,5,IPS,false
1,539,66,1,1,0,0,0,1,0,0,0,1,0,0,0,1,11.4,1.4,4.0,1.7,0.01,0.01,0.02,1.69,5,4,1,4,5,IPS,false
1,540,0,0,0,0,0,0,0,0,0,0,0,0,0,0,0,0.0,0.0,0.0,0.0,0.00,0.00,0.00,0.00,0,0,0,0,5,IPS,false
1,541,90,1,1,0,0,0,2,0,0,0,0,0,0,0,5,13.8,5.3,11.0,3.0,0.08,0.08,0.16,1.80,4,2,2,3,5,IPS,false
1,542,79,1,2,0,0,0,1,0,0,0,0,0,0,0,13,4.6,9.9,0.0,1.5,0.00,0.03,0.03,1.69,2,0,1,1,5,IPS,false
1,543,10,0,1,0,0,0,1,0,0,0,0,0,0,0,3,0.4,0.6,2.0,0.3,0.03,0.00,0.03,0.10,0,0,0,0,5,IPS,false
1,544,90,1,9,0,1,0,2,0,0,0,0,0,0,2,31,18.8,31.4,0.0,5.0,0.00,0.09,0.09,1.80,13,2,3,8,5,IPS,false
1,545,90,1,2,0,0,0,2,0,0,0,0,0,0,0,18,14.6,32.1,25.0,7.2,0.06,0.03,0.09,1.80,2,0,0,2,5,IPS,false
1,546,0,0,0,0,0,0,0,0,0,0,0,0,0,0,0,0.0,0.0,0.0,0.0,0.00,0.00,0.00,0.00,0,0,0,0,5,IPS,false
1,547,0,0,0,0,0,0,0,0,0,0,0,0,0,0,0,0.0,0.0,0.0,0.0,0.00,0.00,0.00,0.00,0,0,0,0,5,IPS,false
1,548,10,0,1,0,0,0,1,0,0,0,0,0,0,0,3,0.0,0.3,0.0,0.0,0.00,0.00,0.00,0.10,1,0,0,1,5,IPS,false
1,549,31,0,1,0,0,0,1,0,0,0,0,0,0,0,1,0.0,0.9,0.0,0.0,0.00,0.00,0.00,0.14,2,0,0,2,5,IPS,false
1,550,0,0,0,0,0,0,0,0,0,0,0,0,0,0,0,0.0,0.0,0.0,0.0,0.00,0.00,0.00,0.00,0,0,0,0,5,IPS,false
1,551,58,1,5,1,0,0,1,0,0,0,1,0,0,0,23,32.8,3.3,16.0,5.2,0.15,0.01,0.16,1.66,7,1,1,5,5,IPS,false
1,552,66,1,2,0,0,0,1,0,0,0,0,0,0,0,1,0.0,1.5,9.0,1.1,0.30,0.00,0.30,1.69,0,0,0,0,5,IPS,false
1,553,23,0,1,0,0,0,1,0,0,0,0,0,0,0,3,0.0,0.2,0.0,0.0,0.00,0.00,0.00,0.10,0,0,0,0,5,IPS,false
1,554,0,0,0,0,0,0,0,0,0,0,0,0,0,0,0,0.0,0.0,0.0,0.0,0.00,0.00,0.00,0.00,0,0,0,0,5,SUN,true
1,555,0,0,0,0,0,0,0,0,0,0,0,0,0,0,0,0.0,0.0,0.0,0.0,0.00,0.00,0.00,0.00,0,0,0,0,3,EVE,false
1,556,5,0,1,0,0,0,0,0,0,0,0,0,0,0,3,0.4,0.0,0.0,0.0,0.00,0.00,0.00,0.07,0,0,0,1,4,MUN,true
1,557,75,1,6,0,1,1,0,0,0,0,0,0,0,0,30,17.0,39.8,30.0,8.7,0.19,0.14,0.33,0.06,6,2,1,3,1,COV,true
1,558,16,0,1,0,0,0,1,0,0,0,0,0,0,0,3,0.6,1.0,2.0,0.4,0.00,0.00,0.00,0.13,1,0,0,1,6,LEE,true
1,559,14,0,1,0,0,0,1,0,0,0,0,0,0,0,5,4.0,0.0,0.0,0.4,0.00,0.00,0.00,1.04,2,1,1,0,9,LIV,true
1,560,0,0,0,0,0,0,0,0,0,0,0,0,0,0,0,0.0,0.0,0.0,0.0,0.00,0.00,0.00,0.00,0,0,0,0,10,FUL,false
1,561,0,0,0,0,0,0,0,0,0,0,0,0,0,0,0,0.0,0.0,0.0,0.0,0.00,0.00,0.00,0.00,0,0,0,0,10,FUL,false
1,562,79,1,2,0,0,0,1,0,0,0,0,0,0,0,7,12.6,1.4,7.0,2.1,0.61,0.00,0.61,0.63,9,3,4,2,5,SUN,true
1,563,0,0,0,0,0,0,0,0,0,0,0,0,0,0,0,0.0,0.0,0.0,0.0,0.00,0.00,0.00,0.00,0,0,0,0,4,MUN,true
1,564,90,1,2,0,0,0,1,0,0,0,0,0,2,0,12,14.4,0.0,0.0,1.4,0.00,0.00,0.00,0.66,0,1,0,10,5,SUN,true
1,565,75,1,14,0,2,1,0,0,0,0,0,0,0,3,41,31.6,21.8,21.0,7.4,0.05,0.33,0.38,0.47,13,4,2,7,2,TOT,true
1,566,90,1,2,0,0,0,2,0,0,0,1,0,0,0,5,31.4,0.3,0.0,3.2,0.00,0.00,0.00,2.25,13,13,0,1,8,MCI,false
1,567,90,1,1,0,0,0,2,0,0,0,1,0,5,0,12,41.2,0.0,0.0,4.1,0.00,0.00,0.00,2.98,0,3,0,5,9,LIV,true
1,568,0,0,0,0,0,0,0,0,0,0,0,0,0,0,0,0.0,0.0,0.0,0.0,0.00,0.00,0.00,0.00,0,0,0,0,10,FUL,false
1,569,90,1,6,1,0,0,3,0,0,0,0,0,0,0,33,37.2,4.3,40.0,8.2,0.73,0.01,0.74,2.24,2,0,1,1,10,CHE,true
1,570,72,1,2,0,0,0,3,0,0,0,0,0,0,0,10,2.8,7.3,8.0,1.8,0.16,0.01,0.17,2.21,4,0,2,2,10,CHE,true
1,571,0,0,0,0,0,0,0,0,0,0,0,0,0,0,0,0.0,0.0,0.0,0.0,0.00,0.00,0.00,0.00,0,0,0,0,5,SUN,true
1,572,90,1,10,0,0,1,0,0,0,0,0,0,5,3,41,34.6,0.0,0.0,3.5,0.00,0.00,0.00,1.83,0,0,0,22,4,MUN,true
1,573,0,0,0,0,0,0,0,0,0,0,0,0,0,0,0,0.0,0.0,0.0,0.0,0.00,0.00,0.00,0.00,0,0,0,0,8,MCI,false
1,574,0,0,0,0,0,0,0,0,0,0,0,0,0,0,0,0.0,0.0,0.0,0.0,0.00,0.00,0.00,0.00,0,0,0,0,4,MUN,true
1,575,61,1,1,0,0,0,3,0,0,0,1,0,0,0,2,0.0,3.1,0.0,0.0,0.00,0.00,0.00,1.56,3,0,0,3,1,ARS,false
1,576,70,1,3,0,0,1,0,0,0,0,0,0,0,0,11,8.4,4.8,0.0,1.3,0.00,0.03,0.03,1.16,6,1,3,2,4,MUN,true
1,577,18,0,1,0,0,0,0,0,0,0,0,0,0,0,3,2.4,2.4,0.0,0.5,0.00,0.01,0.01,0.14,1,1,0,1,3,EVE,false
1,578,0,0,0,0,0,0,0,0,0,0,0,0,0,0,0,0.0,0.0,0.0,0.0,0.00,0.00,0.00,0.00,0,0,0,0,10,FUL,false
1,579,20,0,1,0,0,0,0,0,0,0,0,0,0,0,3,13.2,1.2,0.0,1.4,0.00,0.03,0.03,0.54,4,3,1,1,9,NEW,false
1,580,23,0,1,0,0,0,0,0,0,0,0,0,0,0,5,3.4,1.3,0.0,0.5,0.00,0.00,0.00,0.03,3,0,1,2,10,CHE,true
1,581,0,0,0,0,0,0,0,0,0,0,0,0,0,0,0,0.0,0.0,0.0,0.0,0.00,0.00,0.00,0.00,0,0,0,0,6,LEE,true
1,582,0,0,0,0,0,0,0,0,0,0,0,0,0,0,0,0.0,0.0,0.0,0.0,0.00,0.00,0.00,0.00,0,0,0,0,7,BHA,false
1,583,25,0,1,0,0,0,0,0,0,0,0,0,0,0,3,2.4,0.2,2.0,0.5,0.00,0.00,0.00,0.28,1,1,0,1,10,FUL,false
1,584,8,0,1,0,0,0,0,0,0,0,0,0,0,0,3,0.4,0.3,0.0,0.1,0.00,0.00,0.00,0.13,1,0,0,1,1,ARS,false
1,585,26,0,1,0,0,0,0,0,0,0,0,0,0,0,4,8.0,0.0,0.0,0.8,0.00,0.00,0.00,0.96,4,4,0,0,4,MUN,true
1,586,63,1,15,1,0,1,0,0,0,0,0,0,0,1,35,51.8,0.6,33.0,8.5,0.28,0.00,0.28,0.86,13,13,0,2,4,MUN,true
1,587,0,0,0,0,0,0,0,0,0,0,0,0,0,0,0,0.0,0.0,0.0,0.0,0.00,0.00,0.00,0.00,0,0,0,0,8,BOU,true
1,588,35,0,1,0,0,0,0,0,0,0,0,0,0,0,12,24.0,26.5,4.0,5.5,0.00,0.16,0.16,0.27,9,5,4,3,3,EVE,false
1,589,0,0,0,0,0,0,0,0,0,0,0,0,0,0,0,0.0,0.0,0.0,0.0,0.00,0.00,0.00,0.00,0,0,0,0,4,MUN,true
1,590,0,0,0,0,0,0,0,0,0,0,0,0,0,0,0,0.0,0.0,0.0,0.0,0.00,0.00,0.00,0.00,0,0,0,0,6,LEE,true
1,591,70,1,5,0,1,0,1,0,0,0,0,0,0,0,24,21.6,14.0,18.0,5.4,0.23,0.31,0.54,0.63,8,2,1,5,5,SUN,true
1,592,10,0,1,0,0,0,0,0,0,0,0,0,0,0,4,5.2,10.0,0.0,1.5,0.00,0.00,0.00,0.03,2,2,0,0,5,SUN,true
1,593,90,1,1,0,0,0,2,0,0,0,0,0,0,0,-1,16.4,1.2,5.0,2.3,0.03,0.00,0.03,2.98,9,7,2,2,9,LIV,true
1,594,0,0,0,0,0,0,0,0,0,0,0,0,0,0,0,0.0,0.0,0.0,0.0,0.00,0.00,0.00,0.00,0,0,0,0,7,AVL,true
1,595,0,0,0,0,0,0,0,0,0,0,0,0,0,0,0,0.0,0.0,0.0,0.0,0.00,0.00,0.00,0.00,0,0,0,0,3,EVE,false
1,596,8,0,1,0,0,0,0,0,0,0,0,0,0,0,3,4.0,0.0,0.0,0.4,0.00,0.00,0.00,0.14,2,0,2,0,7,BHA,false
1,597,0,0,0,0,0,0,0,0,0,0,0,0,0,0,0,0.0,0.0,0.0,0.0,0.00,0.00,0.00,0.00,0,0,0,0,7,BHA,false
1,598,0,0,0,0,0,0,0,0,0,0,0,0,0,0,0,0.0,0.0,0.0,0.0,0.00,0.00,0.00,0.00,0,0,0,0,6,NFO,false
1,599,0,0,0,0,0,0,0,0,0,0,0,0,0,0,0,0.0,0.0,0.0,0.0,0.00,0.00,0.00,0.00,0,0,0,0,1,ARS,false
1,600,12,0,1,0,0,0,0,0,0,0,0,0,0,0,7,4.2,15.4,4.0,2.4,0.00,0.05,0.05,0.00,2,0,0,2,7,AVL,true
1,601,0,0,0,0,0,0,0,0,0,0,0,0,0,0,0,0.0,0.0,0.0,0.0,0.00,0.00,0.00,0.00,0,0,0,0,2,BRE,false
1,602,0,0,0,0,0,0,0,0,0,0,0,0,0,0,0,0.0,0.0,0.0,0.0,0.00,0.00,0.00,0.00,0,0,0,0,5,SUN,true
1,603,0,0,0,0,0,0,0,0,0,0,0,0,0,0,0,0.0,0.0,0.0,0.0,0.00,0.00,0.00,0.00,0,0,0,0,6,NFO,false
1,604,0,0,0,0,0,0,0,0,0,0,0,0,0,0,0,0.0,0.0,0.0,0.0,0.00,0.00,0.00,0.00,0,0,0,0,6,NFO,false
1,605,4,0,1,0,0,0,0,0,0,0,0,0,0,0,3,0.6,2.7,0.0,0.3,0.00,0.01,0.01,0.00,0,0,0,0,7,AVL,true
1,606,0,0,0,0,0,0,0,0,0,0,0,0,0,0,0,0.0,0.0,0.0,0.0,0.00,0.00,0.00,0.00,0,0,0,0,7,BHA,false
1,607,0,0,0,0,0,0,0,0,0,0,0,0,0,0,0,0.0,0.0,0.0,0.0,0.00,0.00,0.00,0.00,0,0,0,0,7,BHA,false
1,608,15,0,1,0,0,0,2,0,0,0,0,0,0,0,6,3.4,0.8,17.0,2.1,0.10,0.00,0.10,0.31,1,0,0,1,8,MCI,false
1,609,0,0,0,0,0,0,0,0,0,0,0,0,0,0,0,0.0,0.0,0.0,0.0,0.00,0.00,0.00,0.00,0,0,0,0,9,LIV,true
1,610,0,0,0,0,0,0,0,0,0,0,0,0,0,0,0,0.0,0.0,0.0,0.0,0.00,0.00,0.00,0.00,0,0,0,0,10,CHE,true
2,1,90,1,6,0,0,1,0,0,0,0,0,0,0,0,21,5.6,0.0,0.0,0.6,0.00,0.00,0.00,0.33,0,1,0,11,20,AVL,false
2,2,0,0,0,0,0,0,0,0,0,0,0,0,0,0,0,0.0,0.0,0.0,0.0,0.00,0.00,0.00,0.00,0,0,0,0,20,AVL,false
2,3,0,0,0,0,0,0,0,0,0,0,0,0,0,0,0,0.0,0.0,0.0,0.0,0.00,0.00,0.00,0.00,0,0,0,0,20,AVL,false
2,4,90,1,8,0,0,1,0,0,0,0,0,0,0,0,23,18.2,3.2,6.0,2.7,0.13,0.02,0.15,0.33,10,8,2,5,20,AVL,false
2,5,0,0,0,0,0,0,0,0,0,0,0,0,0,0,0,0.0,0.0,0.0,0.0,0.00,0.00,0.00,0.00,0,0,0,0,20,AVL,false
2,6,0,0,0,0,0,0,0,0,0,0,0,0,0,0,0,0.0,0.0,0.0,0.0,0.00,0.00,0.00,0.00,0,0,0,0,20,AVL,false
2,7,70,1,3,0,0,1,0,0,0,0,0,0,0,0,15,10.6,3.2,5.0,1.9,0.07,0.02,0.09,0.33,5,4,0,1,20,AVL,false
2,8,90,1,11,0,1,1,0,0,0,0,0,0,0,2,30,21.2,11.9,9.0,4.2,0.11,0.46,0.57,0.33,3,2,1,4,20,AVL,false
2,9,0,0,0,0,0,0,0,0,0,0,0,0,0,0,0,0.0,0.0,0.0,0.0,0.00,0.00,0.00,0.00,0,0,0,0,20,AVL,false
2,10,90,1,7,0,0,1,0,0,0,0,0,0,0,1,26,16.4,20.3,0.0,3.7,0.00,0.05,0.05,0.33,4,3,1,2,20,AVL,false
2,11,78,1,6,0,0,1,0,0,0,0,0,0,0,0,25,10.2,1.4,0.0,1.2,0.00,0.01,0.01,0.33,4,4,0,0,20,AVL,false
2,12,90,1,11,1,0,1,0,0,0,0,0,0,0,3,46,41.0,8.0,44.0,9.3,0.63,0.04,0.67,0.33,11,3,2,6,20,AVL,false
2,13,84,1,5,0,0,1,0,0,0,0,0,0,0,0,19,24.0,27.6,0.0,5.2,0.00,0.10,0.10,0.33,12,2,3,7,20,AVL,false
2,14,45,0,1,0,0,0,0,0,0,0,0,0,0,0,6,1.6,2.0,2.0,0.6,0.00,0.07,0.07,0.24,3,0,0,3,20,AVL,false
2,15,70,1,3,0,0,1,0,0,0,0,0,0,0,0,13,6.8,6.8,5.0,1.9,0.08,0.07,0.15,0.33,5,2,2,1,20,AVL,false
2,16,0,0,0,0,0,0,0,0,0,0,0,0,0,0,0,0.0,0.0,0.0,0.0,0.00,0.00,0.00,0.00,0,0,0,0,20,AVL,false
2,17,19,0,1,0,0,0,0,0,0,0,0,0,0,0,7,2.8,1.0,0.0,0.4,0.00,0.00,0.00,0.00,4,0,0,4,20,AVL,false
2,18,0,0,0,0,0,0,0,0,0,0,0,0,0,0,0,0.0,0.0,0.0,0.0,0.00,0.00,0.00,0.00,0,0,0,0,20,AVL,false
2,19,5,0,1,0,0,0,0,0,0,0,0,0,0,0,5,4.8,0.9,0.0,0.6,0.00,0.00,0.00,0.00,2,0,2,0,20,AVL,false
2,20,0,0,0,0,0,0,0,0,0,0,0,0,0,0,0,0.0,0.0,0.0,0.0,0.00,0.00,0.00,0.00,0,0,0,0,20,AVL,false
2,21,0,0,0,0,0,0,0,0,0,0,0,0,0,0,0,0.0,0.0,0.0,0.0,0.00,0.00,0.00,0.00,0,0,0,0,12,BOU,false
2,22,0,0,0,0,0,0,0,0,0,0,0,0,0,0,0,0.0,0.0,0.0,0.0,0.00,0.00,0.00,0.00,0,0,0,0,20,AVL,false
2,23,0,0,0,0,0,0,0,0,0,0,0,0,0,0,0,0.0,0.0,0.0,0.0,0.00,0.00,0.00,0.00,0,0,0,0,20,AVL,false
2,24,0,0,0,0,0,0,0,0,0,0,0,0,0,0,0,0.0,0.0,0.0,0.0,0.00,0.00,0.00,0.00,0,0,0,0,20,AVL,false
2,25,0,0,0,0,0,0,0,0,0,0,0,0,0,0,0,0.0,0.0,0.0,0.0,0.00,0.00,0.00,0.00,0,0,0,0,20,AVL,false
2,26,90,1,2,0,0,1,0,0,0,0,0,0,0,0,5,2.4,3.4,23.0,2.9,0.02,0.03,0.05,0.33,5,0,0,5,20,AVL,false
2,27,0,0,0,0,0,0,0,0,0,0,0,0,0,0,0,0.0,0.0,0.0,0.0,0.00,0.00,0.00,0.00,0,0,0,0,20,AVL,false
2,28,90,1,2,0,0,0,3,0,0,0,0,0,4,0,18,36.2,20.0,0.0,5.6,0.00,0.01,0.01,1.41,0,1,0,13,16,BHA,true
2,29,0,0,0,0,0,0,0,0,0,0,0,0,0,0,0,0.0,0.0,0.0,0.0,0.00,0.00,0.00,0.00,0,0,0,0,20,ARS,true
2,30,0,0,0,0,0,0,0,0,0,0,0,0,0,0,0,0.0,0.0,0.0,0.0,0.00,0.00,0.00,0.00,0,0,0,0,20,ARS,true
2,31,11,0,1,0,0,0,0,0,0,0,0,0,0,0,3,3.2,0.1,0.0,0.3,0.00,0.00,0.00,0.00,1,1,0,0,20,AVL,false
2,32,77,1,2,0,0,0,1,0,0,0,0,0,0,0,8,14.0,1.8,7.0,2.3,0.15,0.01,0.16,1.04,6,2,4,1,20,ARS,true
2,33,0,0,0,0,0,0,0,0,0,0,0,0,0,0,0,0.0,0.0,0.0,0.0,0.00,0.00,0.00,0.00,0,0,0,0,20,ARS,true
2,34,90,1,2,0,0,0,1,0,0,0,0,0,0,0,6,11.0,0.8,0.0,1.2,0.00,0.01,0.01,1.04,4,3,1,8,20,ARS,true
2,35,0,0,0,0,0,0,0,0,0,0,0,0,0,0,0,0.0,0.0,0.0,0.0,0.00,0.00,0.00,0.00,0,0,0,0,20,ARS,true
2,36,90,1,1,0,0,0,1,0,0,0,1,0,0,0,-5,4.8,0.5,12.0,1.7,0.07,0.00,0.07,1.04,8,5,3,2,20,ARS,true
2,37,90,1,2,0,0,0,1,0,0,0,0,0,0,0,10,15.0,1.2,0.0,1.6,0.00,0.08,0.08,1.04,7,6,1,1,20,ARS,true
2,38,0,0,0,0,0,0,0,0,0,0,0,0,0,0,0,0.0,0.0,0.0,0.0,0.00,0.00,0.00,0.00,0,0,0,0,20,ARS,true
2,39,0,0,0,0,0,0,0,0,0,0,0,0,0,0,0,0.0,0.0,0.0,0.0,0.00,0.00,0.00,0.00,0,0,0,0,20,ARS,true
2,40,90,1,5,0,1,0,3,0,0,0,0,0,0,0,28,26.8,46.5,23.0,9.6,0.14,1.01,1.15,1.41,5,1,1,3,16,BHA,true
2,41,90,1,2,0,0,0,1,0,0,0,0,0,0,0,9,5.0,13.2,9.0,2.7,0.04,0.02,0.06,1.04,5,0,1,4,20,ARS,true
2,42,27,0,1,0,0,0,1,0,0,0,0,0,0,0,3,2.2,0.3,0.0,0.3,0.00,0.01,0.01,0.20,1,1,0,0,11,MCI,true
2,43,90,1,4,0,0,0,2,0,0,0,0,0,0,0,26,33.2,46.3,20.0,10.0,0.47,0.11,0.58,2.06,13,4,2,7,18,IPS,true
2,44,0,0,0,0,0,0,0,0,0,0,0,0,0,0,0,0.0,0.0,0.0,0.0,0.00,0.00,0.00,0.00,0,0,0,0,20,ARS,true
2,45,90,1,1,0,0,0,1,0,0,0,1,0,0,0,2,0.0,12.0,10.0,1.7,0.05,0.05,0.10,1.04,4,1,1,2,20,ARS,true
2,46,77,1,2,0,0,0,1,0,0,0,0,0,0,0,23,12.8,23.3,2.0,3.8,0.03,0.02,0.05,1.04,10,1,3,6,20,ARS,true
2,47,90,1,2,0,0,0,1,0,0,0,0,0,0,0,13,10.6,14.2,0.0,2.5,0.00,0.03,0.03,1.04,8,3,1,4,20,ARS,true
2,48,0,0,0,0,0,0,0,0,0,0,0,0,0,0,0,0.0,0.0,0.0,0.0,0.00,0.00,0.00,0.00,0,0,0,0,20,ARS,true
2,49,0,0,0,0,0,0,0,0,0,0,0,0,0,0,0,0.0,0.0,0.0,0.0,0.00,0.00,0.00,0.00,0,0,0,0,20,ARS,true
2,50,0,0,0,0,0,0,0,0,0,0,0,0,0,0,0,0.0,0.0,0.0,0.0,0.00,0.00,0.00,0.00,0,0,0,0,20,ARS,true
2,51,70,1,2,0,0,0,1,0,0,0,0,0,0,0,5,1.8,4.3,0.0,0.6,0.00,0.01,0.01,1.01,6,0,2,4,20,ARS,true
2,52,19,0,0,0,0,0,0,0,0,0,1,0,0,0,2,1.2,0.8,2.0,0.4,0.00,0.00,0.00,0.02,2,0,1,1,20,ARS,true
2,53,0,0,0,0,0,0,0,0,0,0,0,0,0,0,0,0.0,0.0,0.0,0.0,0.00,0.00,0.00,0.00,0,0,0,0,20,ARS,true
2,54,0,0,0,0,0,0,0,0,0,0,0,0,0,0,0,0.0,0.0,0.0,0.0,0.00,0.00,0.00,0.00,0,0,0,0,20,ARS,true
2,55,0,0,0,0,0,0,0,0,0,0,0,0,0,0,0,0.0,0.0,0.0,0.0,0.00,0.00,0.00,0.00,0,0,0,0,20,ARS,true
2,56,19,0,1,0,0,0,0,0,0,0,0,0,0,0,3,0.0,1.3,0.0,0.1,0.00,0.00,0.00,0.02,0,0,0,0,20,ARS,true
2,57,90,1,3,0,0,0,1,0,0,0,0,0,5,0,20,33.8,0.0,0.0,3.4,0.00,0.00,0.00,1.84,0,3,0,8,12,EVE,true
2,58,0,0,0,0,0,0,0,0,0,0,0,0,0,0,0,0.0,0.0,0.0,0.0,0.00,0.00,0.00,0.00,0,0,0,0,12,EVE,true
2,59,0,0,0,0,0,0,0,0,0,0,0,0,0,0,0,0.0,0.0,0.0,0.0,0.00,0.00,0.00,0.00,0,0,0,0,12,EVE,true
2,60,90,1,4,0,0,0,1,0,0,0,0,0,0,0,19,25.6,21.0,4.0,5.1,0.00,0.74,0.74,1.84,12,9,3,3,12,EVE,true
2,61,90,1,4,0,0,0,1,0,0,0,0,0,0,2,27,27.8,23.7,4.0,5.6,0.00,0.07,0.07,1.84,9,7,2,6,12,EVE,true
2,62,0,0,0,0,0,0,0,0,0,0,0,0,0,0,0,0.0,0.0,0.0,0.0,0.00,0.00,0.00,0.00,0,0,0,0,12,EVE,true
2,63,0,0,0,0,0,0,0,0,0,0,0,0,0,0,0,0.0,0.0,0.0,0.0,0.00,0.00,0.00,0.00,0,0,0,0,12,EVE,true
2,64,90,1,1,0,0,0,1,0,0,0,1,0,0,0,5,15.6,15.7,0.0,3.1,0.00,0.02,0.02,1.84,6,4,2,0,12,EVE,true
2,65,0,0,0,0,0,0,0,0,0,0,0,0,0,0,0,0.0,0.0,0.0,0.0,0.00,0.00,0.00,0.00,0,0,0,0,12,EVE,true
2,66,0,0,0,0,0,0,0,0,0,0,0,0,0,0,0,0.0,0.0,0.0,0.0,0.00,0.00,0.00,0.00,0,0,0,0,12,EVE,true
2,67,90,1,2,0,0,0,1,0,0,0,0,0,0,0,4,8.6,3.5,44.0,5.6,0.40,0.02,0.42,1.84,5,1,1,3,12,EVE,true
2,68,90,1,1,0,0,0,1,0,0,0,1,0,0,0,20,15.0,38.3,11.0,6.4,0.09,0.21,0.30,1.84,11,1,4,6,12,EVE,true
2,69,86,1,12,1,0,1,0,0,0,0,1,0,0,3,39,47.6,32.1,21.0,10.1,0.26,0.27,0.53,1.71,15,3,3,9,12,EVE,true
2,70,80,1,3,0,0,1,0,0,0,0,0,0,0,0,12,11.2,26.9,57.0,9.5,0.61,0.05,0.66,1.67,5,0,0,5,12,EVE,true
2,71,68,1,3,0,0,1,0,0,0,0,0,0,0,0,13,3.8,12.8,0.0,1.7,0.00,0.01,0.01,1.67,2,0,0,2,12,EVE,true
2,72,0,0,0,0,0,0,0,0,0,0,0,0,0,0,0,0.0,0.0,0.0,0.0,0.00,0.00,0.00,0.00,0,0,0,0,12,EVE,true
2,73,21,0,1,0,0,0,1,0,0,0,0,0,0,0,4,1.6,1.3,0.0,0.3,0.00,0.00,0.00,0.16,3,0,0,3,12,EVE,true
2,74,9,0,1,0,0,0,1,0,0,0,0,0,0,0,3,0.0,1.6,0.0,0.1,0.00,0.01,0.01,0.16,0,0,0,0,12,EVE,true
2,75,3,0,1,0,0,0,1,0,0,0,0,0,0,0,5,2.8,0.3,0.0,0.3,0.00,0.00,0.00,0.13,2,0,1,1,12,EVE,true
2,76,0,0,0,0,0,0,0,0,0,0,0,0,0,0,0,0.0,0.0,0.0,0.0,0.00,0.00,0.00,0.00,0,0,0,0,12,EVE,true
2,77,0,0,0,0,0,0,0,0,0,0,0,0,0,0,0,0.0,0.0,0.0,0.0,0.00,0.00,0.00,0.00,0,0,0,0,12,EVE,true
2,78,0,0,0,0,0,0,0,0,0,0,0,0,0,0,0,0.0,0.0,0.0,0.0,0.00,0.00,0.00,0.00,0,0,0,0,12,EVE,true
2,79,80,1,5,0,1,1,0,0,0,0,0,0,0,0,11,15.0,22.2,22.0,5.9,0.58,0.04,0.62,1.67,3,1,0,2,12,EVE,true
2,80,0,0,0,0,0,0,0,0,0,0,0,0,0,0,0,0.0,0.0,0.0,0.0,0.00,0.00,0.00,0.00,0,0,0,0,12,EVE,true
2,81,9,0,1,0,0,0,1,0,0,0,0,0,0,0,4,0.0,0.0,0.0,0.0,0.00,0.00,0.00,0.16,1,0,0,1,12,EVE,true
2,82,90,1,2,0,0,0,1,0,0,0,0,0,1,0,7,9.4,0.0,0.0,0.9,0.00,0.00,0.00,1.46,0,2,0,4,17,LEE,false
2,83,0,0,0,0,0,0,0,0,0,0,0,0,0,0,0,0.0,0.0,0.0,0.0,0.00,0.00,0.00,0.00,0,0,0,0,17,LEE,false
2,84,90,1,3,0,0,0,1,0,0,0,1,0,0,0,14,28.0,0.9,34.0,6.3,0.17,0.01,0.18,1.46,13,11,2,8,17,LEE,false
2,85,0,0,0,0,0,0,0,0,0,0,0,0,0,0,0,0.0,0.0,0.0,0.0,0.00,0.00,0.00,0.00,0,0,0,0,17,LEE,false
2,86,87,1,6,0,1,0,1,0,0,0,0,0,0,1,29,38.4,31.6,2.0,7.2,0.02,0.13,0.15,1.46,11,3,2,6,17,LEE,false
2,87,90,1,3,0,0,0,1,0,0,0,1,0,0,0,7,37.8,21.0,2.0,6.1,0.00,0.01,0.01,1.46,17,17,0,2,17,LEE,false
2,88,87,1,2,0,0,0,1,0,0,0,0,0,0,0,9,14.4,16.0,8.0,3.8,0.02,0.21,0.23,1.46,4,3,1,4,17,LEE,false
2,89,2,0,1,0,0,0,0,0,0,0,0,0,0,0,3,0.0,0.0,0.0,0.0,0.00,0.00,0.00,0.00,0,0,0,0,17,LEE,false
2,90,2,0,1,0,0,0,0,0,0,0,0,0,0,0,6,4.0,4.1,0.0,0.8,0.00,0.02,0.02,0.00,1,0,1,0,17,LEE,false
2,91,12,0,1,0,0,0,1,0,0,0,0,0,0,0,-1,3.8,0.7,0.0,0.5,0.00,0.00,0.00,0.54,2,2,0,0,13,HUL,true
2,92,0,0,0,0,0,0,0,0,0,0,0,0,0,0,0,0.0,0.0,0.0,0.0,0.00,0.00,0.00,0.00,0,0,0,0,17,LEE,false
2,93,0,0,0,0,0,0,0,0,0,0,0,0,0,0,0,0.0,0.0,0.0,0.0,0.00,0.00,0.00,0.00,0,0,0,0,17,LEE,false
2,94,87,1,10,1,0,0,1,0,0,0,0,0,0,3,34,45.6,11.1,34.0,9.1,0.25,0.02,0.27,1.46,9,3,2,4,17,LEE,false
2,95,29,0,1,0,0,0,1,0,0,0,0,0,0,0,16,15.4,15.5,2.0,3.3,0.02,0.08,0.10,1.36,7,3,1,3,17,LEE,false
2,96,68,1,3,0,0,1,0,0,0,0,0,0,0,0,20,16.6,32.4,25.0,7.4,0.03,0.13,0.16,0.13,9,2,2,5,17,LEE,false
2,97,0,0,0,0,0,0,0,0,0,0,0,0,0,0,0,0.0,0.0,0.0,0.0,0.00,0.00,0.00,0.00,0,0,0,0,17,LEE,false
2,98,90,1,1,0,0,0,1,0,0,0,1,0,0,0,11,16.4,35.4,4.0,5.6,0.00,0.14,0.14,1.46,10,5,3,2,17,LEE,false
2,99,0,0,0,0,0,0,0,0,0,0,0,0,0,0,0,0.0,0.0,0.0,0.0,0.00,0.00,0.00,0.00,0,0,0,0,17,LEE,false
2,100,0,0,0,0,0,0,0,0,0,0,0,0,0,0,0,0.0,0.0,0.0,0.0,0.00,0.00,0.00,0.00,0,0,0,0,17,LEE,false
2,101,0,0,0,0,0,0,0,0,0,0,0,0,0,0,0,0.0,0.0,0.0,0.0,0.00,0.00,0.00,0.00,0,0,0,0,16,BHA,true
2,102,21,0,1,0,0,0,1,0,0,0,0,0,0,0,4,3.0,12.5,4.0,2.0,0.00,0.01,0.01,1.32,0,0,0,0,17,LEE,false
2,103,0,0,0,0,0,0,0,0,0,0,0,0,0,0,0,0.0,0.0,0.0,0.0,0.00,0.00,0.00,0.00,0,0,0,0,17,LEE,false
2,104,0,0,0,0,0,0,0,0,0,0,0,0,0,0,0,0.0,0.0,0.0,0.0,0.00,0.00,0.00,0.00,0,0,0,0,13,HUL,true
2,105,60,1,2,0,0,1,0,0,0,0,1,0,0,0,4,3.2,25.9,15.0,4.4,0.11,0.06,0.17,0.09,1,0,0,1,17,LEE,false
2,106,90,1,2,0,0,0,1,0,0,0,0,0,0,0,2,2.4,6.2,55.0,6.4,0.80,0.01,0.81,1.46,4,0,1,3,17,LEE,false
2,107,0,0,0,0,0,0,0,0,0,0,0,0,0,0,0,0.0,0.0,0.0,0.0,0.00,0.00,0.00,0.00,0,0,0,0,17,LEE,false
2,108,2,0,1,0,0,0,0,0,0,0,0,0,0,0,3,0.0,0.1,7.0,0.7,0.04,0.00,0.04,0.00,1,0,0,1,17,LEE,false
2,109,90,1,0,0,0,0,4,0,0,0,0,0,1,0,-1,10.2,0.0,0.0,1.0,0.00,0.00,0.00,2.93,0,0,0,14,16,CHE,false
2,110,90,1,2,0,0,0,1,0,0,0,0,0,1,0,10,10.6,0.0,0.0,1.1,0.00,0.00,0.00,0.72,0,1,0,13,13,HUL,true
2,111,0,0,0,0,0,0,0,0,0,0,0,0,0,0,0,0.0,0.0,0.0,0.0,0.00,0.00,0.00,0.00,0,0,0,0,16,CHE,false
2,112,90,1,1,0,0,0,2,0,0,0,0,0,0,0,9,26.6,13.7,33.0,7.3,0.11,0.03,0.14,0.72,8,6,2,4,15,NEW,true
2,113,90,1,0,0,0,0,4,0,0,0,0,0,0,0,-4,2.8,16.7,8.0,2.8,0.02,0.01,0.03,2.93,0,0,0,2,16,CHE,false
2,114,90,1,-1,0,0,0,4,0,0,0,1,0,0,0,-2,16.8,26.6,11.0,5.4,0.05,0.11,0.16,2.93,3,3,0,2,16,CHE,false
2,115,90,1,0,0,0,0,4,0,0,0,0,0,0,0,-2,8.8,23.7,5.0,3.8,0.03,0.05,0.08,2.93,2,2,0,3,16,CHE,false
2,116,90,1,-1,0,0,0,4,0,0,0,1,0,0,0,-4,14.8,2.0,0.0,1.7,0.00,0.01,0.01,2.93,3,2,1,4,16,CHE,false
2,117,0,0,0,0,0,0,0,0,0,0,0,0,0,0,0,0.0,0.0,0.0,0.0,0.00,0.00,0.00,0.00,0,0,0,0,16,CHE,false
2,118,0,0,0,0,0,0,0,0,0,0,0,0,0,0,0,0.0,0.0,0.0,0.0,0.00,0.00,0.00,0.00,0,0,0,0,16,CHE,false
2,119,10,0,0,0,0,0,0,0,0,0,1,0,0,0,-1,0.0,0.3,0.0,0.0,0.00,0.00,0.00,0.04,0,0,0,0,16,CHE,false
2,120,0,0,0,0,0,0,0,0,0,0,0,0,0,0,0,0.0,0.0,0.0,0.0,0.00,0.00,0.00,0.00,0,0,0,0,16,CHE,false
2,121,0,0,0,0,0,0,0,0,0,0,0,0,0,0,0,0.0,0.0,0.0,0.0,0.00,0.00,0.00,0.00,0,0,0,0,16,CHE,false
2,122,0,0,0,0,0,0,0,0,0,0,0,0,0,0,0,0.0,0.0,0.0,0.0,0.00,0.00,0.00,0.00,0,0,0,0,16,CHE,false
2,123,0,0,0,0,0,0,0,0,0,0,0,0,0,0,0,0.0,0.0,0.0,0.0,0.00,0.00,0.00,0.00,0,0,0,0,16,CHE,false
2,124,90,1,13,1,1,0,4,0,0,0,0,0,0,3,46,47.8,33.2,23.0,10.4,0.05,0.11,0.16,2.93,6,2,1,3,16,CHE,false
2,125,0,0,0,0,0,0,0,0,0,0,0,0,0,0,0,0.0,0.0,0.0,0.0,0.00,0.00,0.00,0.00,0,0,0,0,16,CHE,false
2,126,0,0,0,0,0,0,0,0,0,0,0,0,0,0,0,0.0,0.0,0.0,0.0,0.00,0.00,0.00,0.00,0,0,0,0,16,CHE,false
2,127,90,1,5,0,1,0,4,0,0,0,0,0,0,0,15,4.6,20.3,42.0,6.7,0.38,0.17,0.55,2.93,5,1,2,2,16,CHE,false
2,128,0,0,0,0,0,0,0,0,0,0,0,0,0,0,0,0.0,0.0,0.0,0.0,0.00,0.00,0.00,0.00,0,0,0,0,16,CHE,false
2,129,0,0,0,0,0,0,0,0,0,0,0,0,0,0,0,0.0,0.0,0.0,0.0,0.00,0.00,0.00,0.00,0,0,0,0,16,CHE,false
2,130,79,1,0,0,0,0,4,0,0,0,0,0,0,0,6,20.4,9.2,4.0,3.4,0.03,0.08,0.11,2.89,7,7,0,4,16,CHE,false
2,131,0,0,0,0,0,0,0,0,0,0,0,0,0,0,0,0.0,0.0,0.0,0.0,0.00,0.00,0.00,0.00,0,0,0,0,18,IPS,true
2,132,0,0,0,0,0,0,0,0,0,0,0,0,0,0,0,0.0,0.0,0.0,0.0,0.00,0.00,0.00,0.00,0,0,0,0,16,CHE,false
2,133,0,0,0,0,0,0,0,0,0,0,0,0,0,0,0,0.0,0.0,0.0,0.0,0.00,0.00,0.00,0.00,0,0,0,0,16,CHE,false
2,134,0,0,0,0,0,0,0,0,0,0,0,0,0,0,0,0.0,0.0,0.0,0.0,0.00,0.00,0.00,0.00,0,0,0,0,16,CHE,false
2,135,0,0,0,0,0,0,0,0,0,0,0,0,0,0,0,0.0,0.0,0.0,0.0,0.00,0.00,0.00,0.00,0,0,0,0,16,CHE,false
2,136,0,0,0,0,0,0,0,0,0,0,0,0,0,0,0,0.0,0.0,0.0,0.0,0.00,0.00,0.00,0.00,0,0,0,0,16,BHA,true
2,137,0,0,0,0,0,0,0,0,0,0,0,0,0,0,0,0.0,0.0,0.0,0.0,0.00,0.00,0.00,0.00,0,0,0,0,16,CHE,false
2,138,79,1,5,0,1,0,4,0,0,0,0,0,0,0,17,5.0,15.1,17.0,3.7,0.17,0.02,0.19,2.89,6,0,0,6,16,CHE,false
2,139,0,0,0,0,0,0,0,0,0,0,0,0,0,0,0,0.0,0.0,0.0,0.0,0.00,0.00,0.00,0.00,0,0,0,0,16,CHE,false
2,140,0,0,0,0,0,0,0,0,0,0,0,0,0,0,0,0.0,0.0,0.0,0.0,0.00,0.00,0.00,0.00,0,0,0,0,16,BHA,true
2,141,0,0,0,0,0,0,0,0,0,0,0,0,0,0,0,0.0,0.0,0.0,0.0,0.00,0.00,0.00,0.00,0,0,0,0,16,BHA,true
2,142,22,0,1,0,0,0,1,0,0,0,0,0,0,0,-1,0.4,0.4,2.0,0.3,0.00,0.00,0.00,0.14,0,0,0,1,16,BHA,true
2,143,0,0,0,0,0,0,0,0,0,0,0,0,0,0,0,0.0,0.0,0.0,0.0,0.00,0.00,0.00,0.00,0,0,0,0,16,BHA,true
2,144,90,1,1,0,0,0,3,0,0,0,0,0,0,0,-1,7.8,0.7,0.0,0.9,0.00,0.01,0.01,1.41,5,4,1,3,16,BHA,true
2,145,67,1,0,0,0,0,2,0,0,0,1,0,0,0,-2,19.4,0.9,0.0,2.0,0.00,0.01,0.01,1.26,9,9,0,0,16,BHA,true
2,146,0,0,0,0,0,0,0,0,0,0,0,0,0,0,0,0.0,0.0,0.0,0.0,0.00,0.00,0.00,0.00,0,0,0,0,16,BHA,true
2,147,0,0,0,0,0,0,0,0,0,0,0,0,0,0,0,0.0,0.0,0.0,0.0,0.00,0.00,0.00,0.00,0,0,0,0,16,BHA,true
2,148,90,1,4,0,1,0,3,0,0,0,0,0,0,0,12,30.0,20.7,0.0,5.1,0.00,0.06,0.06,1.41,6,4,2,3,16,BHA,true
2,149,71,1,1,0,0,0,2,0,0,0,0,0,0,0,2,13.2,0.4,0.0,1.4,0.00,0.00,0.00,1.31,9,8,1,2,16,BHA,true
2,150,0,0,0,0,0,0,0,0,0,0,0,0,0,0,0,0.0,0.0,0.0,0.0,0.00,0.00,0.00,0.00,0,0,0,0,16,BHA,true
2,151,22,0,1,0,0,0,1,0,0,0,0,0,0,0,-1,6.2,0.1,0.0,0.6,0.00,0.00,0.00,0.14,3,2,1,0,16,BHA,true
2,152,0,0,0,0,0,0,0,0,0,0,0,0,0,0,0,0.0,0.0,0.0,0.0,0.00,0.00,0.00,0.00,0,0,0,0,16,BHA,true
2,153,16,0,1,0,0,0,1,0,0,0,0,0,0,0,-2,1.2,0.0,0.0,0.1,0.00,0.00,0.00,0.20,1,0,1,1,11,MCI,true
2,154,90,1,7,1,0,0,3,0,0,0,0,0,0,0,28,40.8,25.3,26.0,9.2,0.66,0.13,0.79,1.41,8,2,2,4,16,BHA,true
2,155,0,0,0,0,0,0,0,0,0,0,0,0,0,0,0,0.0,0.0,0.0,0.0,0.00,0.00,0.00,0.00,0,0,0,0,16,BHA,true
2,156,67,1,7,1,0,0,2,0,0,0,0,0,0,0,32,45.2,25.6,38.0,10.9,0.41,0.33,0.74,1.26,4,3,0,1,16,BHA,true
2,157,0,0,0,0,0,0,0,0,0,0,0,0,0,0,0,0.0,0.0,0.0,0.0,0.00,0.00,0.00,0.00,0,0,0,0,16,BHA,true
2,158,0,0,0,0,0,0,0,0,0,0,0,0,0,0,0,0.0,0.0,0.0,0.0,0.00,0.00,0.00,0.00,0,0,0,0,16,BHA,true
2,159,13,0,1,0,0,0,0,0,0,0,0,0,0,0,3,0.0,0.1,0.0,0.0,0.00,0.00,0.00,0.07,0,0,0,0,16,BHA,true
2,160,12,0,1,0,0,0,0,0,0,0,0,0,0,0,3,0.2,2.0,0.0,0.2,0.00,0.00,0.00,0.00,2,0,0,2,20,ARS,true
2,161,67,1,7,1,0,0,2,0,0,0,0,0,0,0,32,39.0,0.8,33.0,7.3,0.54,0.00,0.54,1.26,7,3,1,3,16,BHA,true
2,162,10,0,1,0,0,0,1,0,0,0,0,0,0,0,2,6.2,0.7,0.0,0.7,0.00,0.00,0.00,1.00,5,0,3,2,18,IPS,true
2,163,0,0,0,0,0,0,0,0,0,0,0,0,0,0,0,0.0,0.0,0.0,0.0,0.00,0.00,0.00,0.00,0,0,0,0,16,BHA,true
2,164,0,0,0,0,0,0,0,0,0,0,0,0,0,0,0,0.0,0.0,0.0,0.0,0.00,0.00,0.00,0.00,0,0,0,0,16,BHA,true
2,165,90,1,9,1,1,0,3,1,0,0,0,0,0,2,44,52.8,22.5,46.0,12.1,1.23,0.04,1.27,1.41,3,0,1,2,16,BHA,true
2,166,70,1,2,0,0,0,1,0,0,0,0,0,0,0,11,4.2,5.9,2.0,1.2,0.00,0.10,0.10,1.01,3,0,0,3,20,ARS,true
2,167,24,0,1,0,0,0,1,0,0,0,0,0,0,0,9,4.0,10.1,7.0,2.1,0.07,0.00,0.07,0.33,0,0,0,0,14,LIV,false
2,168,0,0,0,0,0,0,0,0,0,0,0,0,0,0,0,0.0,0.0,0.0,0.0,0.00,0.00,0.00,0.00,0,0,0,0,16,BHA,true
2,169,0,0,0,0,0,0,0,0,0,0,0,0,0,0,0,0.0,0.0,0.0,0.0,0.00,0.00,0.00,0.00,0,0,0,0,16,BHA,true
2,170,0,0,0,0,0,0,0,0,0,0,0,0,0,0,0,0.0,0.0,0.0,0.0,0.00,0.00,0.00,0.00,0,0,0,0,16,BHA,true
2,171,0,0,0,0,0,0,0,0,0,0,0,0,0,0,0,0.0,0.0,0.0,0.0,0.00,0.00,0.00,0.00,0,0,0,0,13,HUL,true
2,172,0,0,0,0,0,0,0,0,0,0,0,0,0,0,0,0.0,0.0,0.0,0.0,0.00,0.00,0.00,0.00,0,0,0,0,13,HUL,true
2,173,77,1,8,0,0,1,0,0,0,0,0,0,0,2,28,17.0,0.7,0.0,1.8,0.00,0.01,0.01,0.18,9,9,0,6,13,HUL,true
2,174,0,0,0,0,0,0,0,0,0,0,0,0,0,0,0,0.0,0.0,0.0,0.0,0.00,0.00,0.00,0.00,0,0,0,0,13,HUL,true
2,175,90,1,2,0,0,0,1,0,0,0,0,0,0,0,15,15.4,33.9,6.0,5.5,0.00,0.19,0.19,0.72,2,1,1,3,13,HUL,true
2,176,90,1,2,0,0,0,1,0,0,0,0,0,0,0,15,15.2,7.3,17.0,4.0,0.18,0.05,0.23,0.72,3,1,2,3,13,HUL,true
2,177,0,0,0,0,0,0,0,0,0,0,0,0,0,0,0,0.0,0.0,0.0,0.0,0.00,0.00,0.00,0.00,0,0,0,0,13,HUL,true
2,178,0,0,0,0,0,0,0,0,0,0,0,0,0,0,0,0.0,0.0,0.0,0.0,0.00,0.00,0.00,0.00,0,0,0,0,13,HUL,true
2,179,0,0,0,0,0,0,0,0,0,0,0,0,0,0,0,0.0,0.0,0.0,0.0,0.00,0.00,0.00,0.00,0,0,0,0,13,HUL,true
2,180,0,0,0,0,0,0,0,0,0,0,0,0,0,0,0,0.0,0.0,0.0,0.0,0.00,0.00,0.00,0.00,0,0,0,0,13,HUL,true
2,181,0,0,0,0,0,0,0,0,0,0,0,0,0,0,0,0.0,0.0,0.0,0.0,0.00,0.00,0.00,0.00,0,0,0,0,13,HUL,true
2,182,90,1,1,0,0,0,1,0,0,0,1,0,0,0,4,11.4,2.1,5.0,1.9,0.02,0.04,0.06,0.72,4,4,0,1,13,HUL,true
2,183,70,1,3,0,0,1,0,0,0,0,0,0,0,0,12,6.8,27.7,4.0,3.9,0.06,0.09,0.15,0.02,6,1,1,4,13,HUL,true
2,184,90,1,2,0,0,0,1,0,0,0,0,0,0,0,14,14.2,20.9,2.0,3.7,0.01,0.04,0.05,0.72,10,1,0,9,13,HUL,true
2,185,31,0,1,0,0,0,1,0,0,0,0,0,0,0,8,6.2,5.9,7.0,1.9,0.02,0.02,0.04,0.69,4,0,2,2,13,HUL,true
2,186,57,1,1,0,0,0,0,0,0,0,0,0,0,0,4,4.2,16.0,0.0,2.0,0.00,0.06,0.06,0.02,4,2,0,2,13,HUL,true
2,187,0,0,0,0,0,0,0,0,0,0,0,0,0,0,0,0.0,0.0,0.0,0.0,0.00,0.00,0.00,0.00,0,0,0,0,13,HUL,true
2,188,19,0,1,0,0,0,1,0,0,0,0,0,0,0,2,0.0,3.6,0.0,0.3,0.00,0.01,0.01,0.69,2,0,0,2,13,HUL,true
2,189,0,0,0,0,0,0,0,0,0,0,0,0,0,0,0,0.0,0.0,0.0,0.0,0.00,0.00,0.00,0.00,0,0,0,0,13,HUL,true
2,190,58,1,1,0,0,0,0,0,0,0,0,0,0,0,7,7.0,18.5,5.0,3.1,0.05,0.13,0.18,0.02,6,2,1,3,13,HUL,true
2,191,0,0,0,0,0,0,0,0,0,0,0,0,0,0,0,0.0,0.0,0.0,0.0,0.00,0.00,0.00,0.00,0,0,0,0,13,HUL,true
2,192,0,0,0,0,0,0,0,0,0,0,0,0,0,0,0,0.0,0.0,0.0,0.0,0.00,0.00,0.00,0.00,0,0,0,0,13,HUL,true
2,193,0,0,0,0,0,0,0,0,0,0,0,0,0,0,0,0.0,0.0,0.0,0.0,0.00,0.00,0.00,0.00,0,0,0,0,13,HUL,true
2,194,32,0,1,0,0,0,1,0,0,0,0,0,0,0,5,1.2,2.0,2.0,0.5,0.00,0.00,0.00,0.69,2,0,0,2,13,HUL,true
2,195,0,0,0,0,0,0,0,0,0,0,0,0,0,0,0,0.0,0.0,0.0,0.0,0.00,0.00,0.00,0.00,0,0,0,0,13,HUL,true
2,196,0,0,0,0,0,0,0,0,0,0,0,0,0,0,0,0.0,0.0,0.0,0.0,0.00,0.00,0.00,0.00,0,0,0,0,13,HUL,true
2,197,0,0,0,0,0,0,0,0,0,0,0,0,0,0,0,0.0,0.0,0.0,0.0,0.00,0.00,0.00,0.00,0,0,0,0,13,HUL,true
2,198,90,1,1,0,0,0,4,0,0,0,0,0,4,0,4,30.2,0.0,0.0,3.0,0.00,0.00,0.00,2.21,0,2,0,11,11,MCI,true
2,199,0,0,0,0,0,0,0,0,0,0,0,0,0,0,0,0.0,0.0,0.0,0.0,0.00,0.00,0.00,0.00,0,0,0,0,11,MCI,true
2,200,90,1,1,0,0,0,3,0,0,0,0,0,0,0,-3,13.0,0.1,6.0,1.9,0.02,0.00,0.02,1.41,9,8,1,1,16,BHA,true
2,201,0,0,0,0,0,0,0,0,0,0,0,0,0,0,0,0.0,0.0,0.0,0.0,0.00,0.00,0.00,0.00,0,0,0,0,11,,
2,202,90,1,0,0,0,0,4,0,0,0,0,0,0,0,-4,15.0,0.1,17.0,3.2,0.04,0.00,0.04,2.21,6,4,2,2,11,MCI,true
2,203,90,1,0,0,0,0,4,0,0,0,0,0,0,0,-1,22.8,0.5,0.0,2.3,0.00,0.00,0.00,2.21,7,6,1,1,11,MCI,true
2,204,90,1,0,0,0,0,4,0,0,0,0,0,0,0,-8,11.6,21.6,7.0,4.0,0.11,0.16,0.27,2.21,5,3,2,1,11,MCI,true
2,205,0,0,0,0,0,0,0,0,0,0,0,0,0,0,0,0.0,0.0,0.0,0.0,0.00,0.00,0.00,0.00,0,0,0,0,11,MCI,true
2,206,0,0,0,0,0,0,0,0,0,0,0,0,0,0,0,0.0,0.0,0.0,0.0,0.00,0.00,0.00,0.00,0,0,0,0,11,MCI,true
2,207,15,0,1,0,0,0,1,0,0,0,0,0,0,0,1,2.2,0.1,0.0,0.2,0.00,0.00,0.00,0.20,1,0,1,0,11,MCI,true
2,208,0,0,0,0,0,0,0,0,0,0,0,0,0,0,0,0.0,0.0,0.0,0.0,0.00,0.00,0.00,0.00,0,0,0,0,11,MCI,true
2,209,28,0,1,0,0,0,0,0,0,0,0,0,0,0,1,1.2,0.0,0.0,0.1,0.00,0.00,0.00,1.58,2,0,1,1,12,BOU,false
2,210,90,1,2,0,0,0,4,0,0,0,0,0,0,0,21,16.2,24.7,0.0,4.1,0.00,0.07,0.07,2.21,7,0,4,3,11,MCI,true
2,211,67,1,5,0,1,0,3,0,0,0,0,0,0,0,27,10.8,34.2,9.0,5.4,0.05,0.07,0.12,2.01,10,2,2,6,11,MCI,true
2,212,0,0,0,0,0,0,0,0,0,0,0,0,0,0,0,0.0,0.0,0.0,0.0,0.00,0.00,0.00,0.00,0,0,0,0,11,MCI,true
2,213,0,0,0,0,0,0,0,0,0,0,0,0,0,0,0,0.0,0.0,0.0,0.0,0.00,0.00,0.00,0.00,0,0,0,0,11,MCI,true
2,214,90,1,2,0,0,0,4,0,0,0,0,0,0,0,21,17.6,2.8,7.0,2.7,0.05,0.02,0.07,2.21,9,1,6,2,11,MCI,true
2,215,0,0,0,0,0,0,0,0,0,0,0,0,0,0,0,0.0,0.0,0.0,0.0,0.00,0.00,0.00,0.00,0,0,0,0,11,MCI,true
2,216,0,0,0,0,0,0,0,0,0,0,0,0,0,0,0,0.0,0.0,0.0,0.0,0.00,0.00,0.00,0.00,0,0,0,0,11,MCI,true
2,217,0,0,0,0,0,0,0,0,0,0,0,0,0,0,0,0.0,0.0,0.0,0.0,0.00,0.00,0.00,0.00,0,0,0,0,11,MCI,true
2,218,0,0,0,0,0,0,0,0,0,0,0,0,0,0,0,0.0,0.0,0.0,0.0,0.00,0.00,0.00,0.00,0,0,0,0,11,MCI,true
2,219,0,0,0,0,0,0,0,0,0,0,0,0,0,0,0,0.0,0.0,0.0,0.0,0.00,0.00,0.00,0.00,0,0,0,0,11,MCI,true
2,220,0,0,0,0,0,0,0,0,0,0,0,0,0,0,0,0.0,0.0,0.0,0.0,0.00,0.00,0.00,0.00,0,0,0,0,11,MCI,true
2,221,0,0,0,0,0,0,0,0,0,0,0,0,0,0,0,0.0,0.0,0.0,0.0,0.00,0.00,0.00,0.00,0,0,0,0,11,MCI,true
2,222,62,1,2,0,0,0,3,0,0,0,0,0,0,0,13,5.2,0.3,4.0,1.0,0.05,0.00,0.05,2.01,4,2,1,1,11,MCI,true
2,223,0,0,0,0,0,0,0,0,0,0,0,0,0,0,0,0.0,0.0,0.0,0.0,0.00,0.00,0.00,0.00,0,0,0,0,11,MCI,true
2,224,67,1,2,0,0,0,3,0,0,0,0,0,0,0,8,2.6,10.6,8.0,2.1,0.36,0.00,0.36,2.01,6,1,2,3,11,MCI,true
2,225,0,0,0,0,0,0,0,0,0,0,0,0,0,0,0,0.0,0.0,0.0,0.0,0.00,0.00,0.00,0.00,0,0,0,0,11,MCI,true
2,226,90,1,3,0,0,0,1,0,0,0,0,0,4,0,22,31.6,0.0,0.0,3.2,0.00,0.00,0.00,2.16,0,4,0,11,12,BOU,false
2,227,0,0,0,0,0,0,0,0,0,0,0,0,0,0,0,0.0,0.0,0.0,0.0,0.00,0.00,0.00,0.00,0,0,0,0,12,BOU,false
2,228,0,0,0,0,0,0,0,0,0,0,0,0,0,0,0,0.0,0.0,0.0,0.0,0.00,0.00,0.00,0.00,0,0,0,0,12,BOU,false
2,229,90,1,12,1,0,0,1,0,0,0,0,0,0,2,27,54.8,11.3,19.0,8.5,0.10,0.01,0.11,2.16,10,9,1,3,12,BOU,false
2,230,90,1,4,0,0,0,1,0,0,0,0,0,0,0,6,22.6,1.5,33.0,5.7,0.09,0.01,0.10,2.16,12,11,1,3,12,BOU,false
2,231,0,0,0,0,0,0,0,0,0,0,0,0,0,0,0,0.0,0.0,0.0,0.0,0.00,0.00,0.00,0.00,0,0,0,0,12,BOU,false
2,232,0,0,0,0,0,0,0,0,0,0,0,0,0,0,0,0.0,0.0,0.0,0.0,0.00,0.00,0.00,0.00,0,0,0,0,12,BOU,false
2,233,90,1,4,0,0,0,1,0,0,0,0,0,0,0,7,36.8,1.0,0.0,3.8,0.00,0.01,0.01,2.16,12,11,1,7,12,BOU,false
2,234,0,0,0,0,0,0,0,0,0,0,0,0,0,0,0,0.0,0.0,0.0,0.0,0.00,0.00,0.00,0.00,0,0,0,0,12,BOU,false
2,235,0,0,0,0,0,0,0,0,0,0,0,0,0,0,0,0.0,0.0,0.0,0.0,0.00,0.00,0.00,0.00,0,0,0,0,12,BOU,false
2,236,90,1,2,0,0,0,1,0,0,0,0,0,0,0,24,19.4,52.3,9.0,8.1,0.06,0.16,0.22,2.16,10,0,3,7,12,BOU,false
2,237,90,1,4,0,0,0,1,0,0,0,0,0,0,0,16,12.6,14.5,10.0,3.7,0.02,0.07,0.09,2.16,13,5,1,7,12,BOU,false
2,238,0,0,0,0,0,0,0,0,0,0,0,0,0,0,0,0.0,0.0,0.0,0.0,0.00,0.00,0.00,0.00,0,0,0,0,11,CRY,false
2,239,61,1,1,0,0,0,1,0,0,0,1,0,0,0,9,3.4,1.1,0.0,0.5,0.00,0.00,0.00,0.58,10,0,3,7,12,BOU,false
2,240,4,0,1,0,0,0,0,0,0,0,0,0,0,0,2,0.0,0.0,0.0,0.0,0.00,0.00,0.00,0.00,0,0,0,0,12,BOU,false
2,241,22,0,1,0,0,0,1,0,0,0,0,0,0,0,2,0.4,0.3,0.0,0.1,0.00,0.00,0.00,0.20,2,1,0,1,11,MCI,true
2,242,61,1,2,0,0,0,1,0,0,0,0,0,0,0,12,6.0,12.2,16.0,3.4,0.05,0.01,0.06,0.58,2,0,1,1,12,BOU,false
2,243,4,0,0,0,0,0,0,0,0,0,1,0,0,0,-2,0.0,0.5,8.0,0.5,0.03,0.02,0.05,0.00,0,0,0,0,12,BOU,false
2,244,86,1,2,0,0,0,1,0,0,0,0,0,0,0,12,11.2,12.3,0.0,2.4,0.00,0.03,0.03,2.16,9,3,3,3,12,BOU,false
2,245,0,0,0,0,0,0,0,0,0,0,0,0,0,0,0,0.0,0.0,0.0,0.0,0.00,0.00,0.00,0.00,0,0,0,0,12,BOU,false
2,246,85,1,2,0,0,0,1,0,0,0,0,0,0,0,13,8.4,2.3,0.0,1.1,0.00,0.01,0.01,2.16,9,2,3,4,12,BOU,false
2,247,28,0,1,0,0,0,0,0,0,0,0,0,0,0,3,7.8,1.4,2.0,1.1,0.00,0.01,0.01,1.58,3,2,0,1,12,BOU,false
2,248,20,0,1,0,0,0,0,0,0,0,0,0,0,0,2,3.0,0.3,3.0,0.6,0.04,0.00,0.04,1.58,1,1,0,0,12,BOU,false
2,249,69,1,2,0,0,0,1,0,0,0,0,0,0,0,6,10.0,11.7,58.0,8.0,1.48,0.00,1.48,0.58,3,2,0,1,12,BOU,false
2,250,90,1,3,0,0,0,1,0,0,0,0,0,3,0,11,19.2,0.0,0.0,1.9,0.00,0.00,0.00,2.02,0,2,0,8,19,SUN,false
2,251,0,0,0,0,0,0,0,0,0,0,0,0,0,0,0,0.0,0.0,0.0,0.0,0.00,0.00,0.00,0.00,0,0,0,0,19,SUN,false
2,252,0,0,0,0,0,0,0,0,0,0,0,0,0,0,0,0.0,0.0,0.0,0.0,0.00,0.00,0.00,0.00,0,0,0,0,19,SUN,false
2,253,90,1,1,0,0,0,1,0,0,0,1,0,0,0,4,17.8,12.9,2.0,3.3,0.00,0.04,0.04,2.02,8,8,0,2,19,SUN,false
2,254,90,1,2,0,0,0,1,0,0,0,0,0,0,0,10,9.8,4.6,0.0,1.4,0.00,0.02,0.02,2.02,3,0,3,2,19,SUN,false
2,255,0,0,0,0,0,0,0,0,0,0,0,0,0,0,0,0.0,0.0,0.0,0.0,0.00,0.00,0.00,0.00,0,0,0,0,19,SUN,false
2,256,0,0,0,0,0,0,0,0,0,0,0,0,0,0,0,0.0,0.0,0.0,0.0,0.00,0.00,0.00,0.00,0,0,0,0,19,SUN,false
2,257,90,1,2,0,0,0,1,0,0,0,0,0,0,0,13,19.4,2.6,0.0,2.2,0.00,0.01,0.01,2.02,7,6,1,6,19,SUN,false
2,258,67,1,6,0,0,1,0,0,0,0,0,0,0,0,18,0.0,0.7,0.0,0.0,0.00,0.00,0.00,0.26,2,1,1,2,19,SUN,false
2,259,90,1,2,0,0,0,5,0,0,0,0,0,0,0,7,40.8,0.3,0.0,4.1,0.00,0.00,0.00,4.77,12,12,0,4,18,MUN,false
2,260,45,0,1,0,0,0,0,0,0,0,0,0,0,0,7,8.4,12.1,6.0,2.7,0.01,0.04,0.05,1.13,6,2,1,3,17,BRE,true
2,261,90,1,2,0,0,0,1,0,0,0,0,0,0,0,20,12.0,35.5,2.0,5.0,0.01,0.40,0.41,2.02,4,1,1,2,19,SUN,false
2,262,14,0,1,0,0,0,0,0,0,0,0,0,0,0,5,5.2,22.8,7.0,3.5,0.06,0.02,0.08,0.41,1,0,0,1,19,SUN,false
2,263,7,0,1,0,0,0,0,0,0,0,0,0,0,0,2,0.0,1.5,0.0,0.1,0.00,0.04,0.04,0.17,0,0,0,0,19,SUN,false
2,264,67,1,3,0,0,1,0,0,0,0,0,0,0,0,8,7.0,12.4,6.0,2.5,0.00,0.01,0.01,0.26,5,1,2,2,19,SUN,false
2,265,82,1,2,0,0,0,1,0,0,0,0,0,0,0,14,6.0,27.9,2.0,3.6,0.00,0.20,0.20,1.85,2,0,0,2,19,SUN,false
2,266,0,0,0,0,0,0,0,0,0,0,0,0,0,0,0,0.0,0.0,0.0,0.0,0.00,0.00,0.00,0.00,0,0,0,0,19,SUN,false
2,267,72,1,1,0,0,0,4,0,0,0,1,0,0,0,11,17.4,11.9,2.0,3.1,0.02,0.02,0.04,3.91,11,7,3,1,18,MUN,false
2,268,90,1,2,0,0,0,1,0,0,0,0,0,0,0,8,10.6,4.5,21.0,3.6,0.47,0.03,0.50,2.02,4,1,2,1,19,SUN,false
2,269,22,0,1,0,0,0,1,0,0,0,0,0,0,0,3,8.6,11.0,8.0,2.8,0.02,0.12,0.14,1.77,1,0,1,1,19,SUN,false
2,270,0,0,0,0,0,0,0,0,0,0,0,0,0,0,0,0.0,0.0,0.0,0.0,0.00,0.00,0.00,0.00,0,0,0,0,19,SUN,false
2,271,0,0,0,0,0,0,0,0,0,0,0,0,0,0,0,0.0,0.0,0.0,0.0,0.00,0.00,0.00,0.00,0,0,0,0,19,SUN,false
2,272,0,0,0,0,0,0,0,0,0,0,0,0,0,0,0,0.0,0.0,0.0,0.0,0.00,0.00,0.00,0.00,0,0,0,0,19,SUN,false
2,273,0,0,0,0,0,0,0,0,0,0,0,0,0,0,0,0.0,0.0,0.0,0.0,0.00,0.00,0.00,0.00,0,0,0,0,13,COV,false
2,274,0,0,0,0,0,0,0,0,0,0,0,0,0,0,0,0.0,0.0,0.0,0.0,0.00,0.00,0.00,0.00,0,0,0,0,13,COV,false
2,275,0,0,0,0,0,0,0,0,0,0,0,0,0,0,0,0.0,0.0,0.0,0.0,0.00,0.00,0.00,0.00,0,0,0,0,13,COV,false
2,276,0,0,0,0,0,0,0,0,0,0,0,0,0,0,0,0.0,0.0,0.0,0.0,0.00,0.00,0.00,0.00,0,0,0,0,13,COV,false
2,277,90,1,9,0,0,1,0,0,0,0,0,0,0,1,25,23.8,0.4,0.0,2.4,0.00,0.00,0.00,1.29,13,12,1,1,13,COV,false
2,278,0,0,0,0,0,0,0,0,0,0,0,0,0,0,0,0.0,0.0,0.0,0.0,0.00,0.00,0.00,0.00,0,0,0,0,13,COV,false
2,279,90,1,6,0,0,1,0,0,0,0,0,0,0,0,24,15.6,0.8,0.0,1.6,0.00,0.00,0.00,1.29,7,5,2,5,13,COV,false
2,280,45,1,0,0,0,0,0,0,0,0,1,0,0,0,2,4.6,0.3,0.0,0.5,0.00,0.00,0.00,1.09,4,4,0,1,13,COV,false
2,281,45,0,1,0,0,0,0,0,0,0,0,0,0,0,4,4.2,0.4,0.0,0.5,0.00,0.00,0.00,0.20,3,3,0,2,13,COV,false
2,282,90,1,6,0,0,1,0,0,0,0,0,0,0,0,21,9.6,15.0,2.0,2.7,0.00,0.07,0.07,1.29,2,1,1,4,13,COV,false
2,283,0,0,0,0,0,0,0,0,0,0,0,0,0,0,0,0.0,0.0,0.0,0.0,0.00,0.00,0.00,0.00,0,0,0,0,13,COV,false
2,284,0,0,0,0,0,0,0,0,0,0,0,0,0,0,0,0.0,0.0,0.0,0.0,0.00,0.00,0.00,0.00,0,0,0,0,13,COV,false
2,285,0,0,0,0,0,0,0,0,0,0,0,0,0,0,0,0.0,0.0,0.0,0.0,0.00,0.00,0.00,0.00,0,0,0,0,13,COV,false
2,286,82,1,6,0,1,1,0,0,0,0,0,0,0,0,23,23.2,12.1,11.0,4.6,0.12,0.02,0.14,1.11,10,3,2,5,13,COV,false
2,287,31,0,6,1,0,0,0,0,0,0,0,0,0,0,24,34.0,0.8,13.0,4.8,0.58,0.00,0.58,0.20,1,1,0,0,13,COV,false
2,288,0,0,0,0,0,0,0,0,0,0,0,0,0,0,0,0.0,0.0,0.0,0.0,0.00,0.00,0.00,0.00,0,0,0,0,13,COV,false
2,289,0,0,0,0,0,0,0,0,0,0,0,0,0,0,0,0.0,0.0,0.0,0.0,0.00,0.00,0.00,0.00,0,0,0,0,13,COV,false
2,290,90,1,2,0,0,1,0,0,0,0,1,0,0,0,6,9.8,2.8,2.0,1.5,0.00,0.01,0.01,1.29,10,2,4,4,13,COV,false
2,291,0,0,0,0,0,0,0,0,0,0,0,0,0,0,0,0.0,0.0,0.0,0.0,0.00,0.00,0.00,0.00,0,0,0,0,13,COV,false
2,292,0,0,0,0,0,0,0,0,0,0,0,0,0,0,0,0.0,0.0,0.0,0.0,0.00,0.00,0.00,0.00,0,0,0,0,13,COV,false
2,293,0,0,0,0,0,0,0,0,0,0,0,0,0,0,0,0.0,0.0,0.0,0.0,0.00,0.00,0.00,0.00,0,0,0,0,13,COV,false
2,294,0,0,0,0,0,0,0,0,0,0,0,0,0,0,0,0.0,0.0,0.0,0.0,0.00,0.00,0.00,0.00,0,0,0,0,13,COV,false
2,295,90,1,1,0,0,1,0,0,0,0,1,0,0,0,7,0.8,13.3,8.0,2.2,0.00,0.01,0.01,1.29,4,0,0,4,13,COV,false
2,296,0,0,0,0,0,0,0,0,0,0,0,0,0,0,0,0.0,0.0,0.0,0.0,0.00,0.00,0.00,0.00,0,0,0,0,13,COV,false
2,297,0,0,0,0,0,0,0,0,0,0,0,0,0,0,0,0.0,0.0,0.0,0.0,0.00,0.00,0.00,0.00,0,0,0,0,13,COV,false
2,298,0,0,0,0,0,0,0,0,0,0,0,0,0,0,0,0.0,0.0,0.0,0.0,0.00,0.00,0.00,0.00,0,0,0,0,13,COV,false
2,299,0,0,0,0,0,0,0,0,0,0,0,0,0,0,0,0.0,0.0,0.0,0.0,0.00,0.00,0.00,0.00,0,0,0,0,13,COV,false
2,300,0,0,0,0,0,0,0,0,0,0,0,0,0,0,0,0.0,0.0,0.0,0.0,0.00,0.00,0.00,0.00,0,0,0,0,18,MUN,false
2,301,0,0,0,0,0,0,0,0,0,0,0,0,0,0,0,0.0,0.0,0.0,0.0,0.00,0.00,0.00,0.00,0,0,0,0,18,MUN,false
2,302,0,0,0,0,0,0,0,0,0,0,0,0,0,0,0,0.0,0.0,0.0,0.0,0.00,0.00,0.00,0.00,0,0,0,0,18,MUN,false
2,303,0,0,0,0,0,0,0,0,0,0,0,0,0,0,0,0.0,0.0,0.0,0.0,0.00,0.00,0.00,0.00,0,0,0,0,18,MUN,false
2,304,90,1,0,0,0,0,5,0,0,0,0,0,0,0,-14,0.0,0.8,9.0,0.9,0.07,0.01,0.08,4.77,1,1,0,2,18,MUN,false
2,305,90,1,6,1,0,0,5,0,0,0,0,0,0,0,1,47.0,14.7,50.0,11.2,0.54,0.12,0.66,4.77,4,4,0,1,18,MUN,false
2,306,90,1,-1,0,0,0,5,1,0,0,1,0,0,0,-13,18.4,1.3,0.0,2.0,0.00,0.01,0.01,4.77,10,9,1,4,18,MUN,false
2,307,0,0,0,0,0,0,0,0,0,0,0,0,0,0,0,0.0,0.0,0.0,0.0,0.00,0.00,0.00,0.00,0,0,0,0,18,MUN,false
2,308,17,0,1,0,0,0,1,0,0,0,0,0,0,0,-1,5.0,0.5,0.0,0.6,0.00,0.00,0.00,0.86,3,2,1,0,18,MUN,false
2,309,61,1,2,0,0,0,3,0,0,0,0,0,0,0,6,11.6,12.1,2.0,2.6,0.00,0.02,0.02,2.85,9,4,1,4,18,MUN,false
2,310,0,0,0,0,0,0,0,0,0,0,0,0,0,0,0,0.0,0.0,0.0,0.0,0.00,0.00,0.00,0.00,0,0,0,0,18,MUN,false
2,311,0,0,0,0,0,0,0,0,0,0,0,0,0,0,0,0.0,0.0,0.0,0.0,0.00,0.00,0.00,0.00,0,0,0,0,18,MUN,false
2,312,0,0,0,0,0,0,0,0,0,0,0,0,0,0,0,0.0,0.0,0.0,0.0,0.00,0.00,0.00,0.00,0,0,0,0,18,MUN,false
2,313,0,0,0,0,0,0,0,0,0,0,0,0,0,0,0,0.0,0.0,0.0,0.0,0.00,0.00,0.00,0.00,0,0,0,0,18,MUN,false
2,314,0,0,0,0,0,0,0,0,0,0,0,0,0,0,0,0.0,0.0,0.0,0.0,0.00,0.00,0.00,0.00,0,0,0,0,18,MUN,false
2,315,82,1,4,0,1,0,5,0,0,0,1,0,0,0,25,26.6,42.3,2.0,7.1,0.00,0.22,0.22,4.59,4,1,1,2,18,MUN,false
2,316,45,1,1,0,0,0,1,0,0,0,0,0,0,0,7,1.0,11.1,2.0,1.4,0.00,0.00,0.00,0.77,1,1,0,0,18,MUN,false
2,317,0,0,0,0,0,0,0,0,0,0,0,0,0,0,0,0.0,0.0,0.0,0.0,0.00,0.00,0.00,0.00,0,0,0,0,18,MUN,false
2,318,0,0,0,0,0,0,0,0,0,0,0,0,0,0,0,0.0,0.0,0.0,0.0,0.00,0.00,0.00,0.00,0,0,0,0,18,MUN,false
2,319,0,0,0,0,0,0,0,0,0,0,0,0,0,0,0,0.0,0.0,0.0,0.0,0.00,0.00,0.00,0.00,0,0,0,0,18,MUN,false
2,320,45,0,5,1,0,0,4,0,0,0,0,0,0,0,30,33.2,1.7,17.0,5.2,0.97,0.00,0.97,4.01,0,0,0,0,18,MUN,false
2,321,0,0,0,0,0,0,0,0,0,0,0,0,0,0,0,0.0,0.0,0.0,0.0,0.00,0.00,0.00,0.00,0,0,0,0,18,MUN,false
2,322,0,0,0,0,0,0,0,0,0,0,0,0,0,0,0,0.0,0.0,0.0,0.0,0.00,0.00,0.00,0.00,0,0,0,0,18,MUN,false
2,323,7,0,1,0,0,0,0,0,0,0,0,0,0,0,3,0.2,0.0,0.0,0.0,0.00,0.00,0.00,0.18,1,0,0,1,18,MUN,false
2,324,0,0,0,0,0,0,0,0,0,0,0,0,0,0,0,0.0,0.0,0.0,0.0,0.00,0.00,0.00,0.00,0,0,0,0,18,MUN,false
2,325,0,0,0,0,0,0,0,0,0,0,0,0,0,0,0,0.0,0.0,0.0,0.0,0.00,0.00,0.00,0.00,0,0,0,0,18,IPS,true
2,326,0,0,0,0,0,0,0,0,0,0,0,0,0,0,0,0.0,0.0,0.0,0.0,0.00,0.00,0.00,0.00,0,0,0,0,17,BRE,true
2,327,45,1,1,0,0,0,1,0,0,0,0,0,0,0,0,8.4,0.2,0.0,0.9,0.00,0.00,0.00,0.55,5,5,0,2,17,BRE,true
2,328,0,0,0,0,0,0,0,0,0,0,0,0,0,0,0,0.0,0.0,0.0,0.0,0.00,0.00,0.00,0.00,0,0,0,0,16,CHE,false
2,329,33,1,1,0,0,0,0,0,0,0,0,0,0,0,4,8.6,0.3,2.0,1.1,0.00,0.00,0.00,0.35,4,4,0,1,17,BRE,true
2,330,67,1,2,0,0,0,1,0,0,0,0,0,0,0,9,18.6,11.3,4.0,3.4,0.00,0.01,0.01,0.74,7,5,2,5,17,BRE,true
2,331,0,0,0,0,0,0,0,0,0,0,0,0,0,0,0,0.0,0.0,0.0,0.0,0.00,0.00,0.00,0.00,0,0,0,0,17,BRE,true
2,332,90,1,2,0,0,0,1,0,0,0,0,0,0,0,12,24.6,11.8,9.0,4.5,0.03,0.01,0.04,1.67,8,6,2,3,17,BRE,true
2,333,0,0,0,0,0,0,0,0,0,0,0,0,0,0,0,0.0,0.0,0.0,0.0,0.00,0.00,0.00,0.00,0,0,0,0,17,BRE,true
2,334,90,1,4,0,0,0,1,0,0,0,0,0,0,0,17,51.6,0.8,2.0,5.4,0.00,0.01,0.01,1.67,19,17,2,3,17,BRE,true
2,335,90,1,4,0,0,0,1,0,0,0,0,0,0,0,13,24.6,17.0,4.0,4.6,0.07,0.01,0.08,1.67,16,8,4,4,17,BRE,true
2,336,68,1,2,0,0,0,1,0,0,0,0,0,0,0,11,6.4,7.5,10.0,2.4,0.08,0.01,0.09,0.74,2,1,1,0,17,BRE,true
2,337,45,1,1,0,0,0,1,0,0,0,0,0,0,0,6,2.2,0.6,0.0,0.3,0.00,0.01,0.01,0.55,3,1,1,1,17,BRE,true
2,338,90,1,2,0,0,0,1,0,0,0,0,0,0,0,12,19.6,16.6,1.0,3.7,0.01,0.09,0.10,1.67,10,5,2,3,17,BRE,true
2,339,0,0,0,0,0,0,0,0,0,0,0,0,0,0,0,0.0,0.0,0.0,0.0,0.00,0.00,0.00,0.00,0,0,0,0,17,BRE,true
2,340,0,0,0,0,0,0,0,0,0,0,0,0,0,0,0,0.0,0.0,0.0,0.0,0.00,0.00,0.00,0.00,0,0,0,0,13,COV,false
2,341,0,0,0,0,0,0,0,0,0,0,0,0,0,0,0,0.0,0.0,0.0,0.0,0.00,0.00,0.00,0.00,0,0,0,0,17,BRE,true
2,342,0,0,0,0,0,0,0,0,0,0,0,0,0,0,0,0.0,0.0,0.0,0.0,0.00,0.00,0.00,0.00,0,0,0,0,17,BRE,true
2,343,22,0,1,0,0,0,0,0,0,0,0,0,0,0,2,0.0,1.1,12.0,1.1,0.24,0.01,0.25,0.93,2,0,0,2,17,BRE,true
2,344,0,0,0,0,0,0,0,0,0,0,0,0,0,0,0,0.0,0.0,0.0,0.0,0.00,0.00,0.00,0.00,0,0,0,0,17,BRE,true
2,345,45,0,1,0,0,0,0,0,0,0,0,0,0,0,6,20.0,1.8,0.0,2.2,0.00,0.01,0.01,1.13,11,5,3,3,17,BRE,true
2,346,90,1,8,1,0,0,1,0,0,0,0,0,0,2,31,38.4,4.0,35.0,7.7,0.92,0.02,0.94,1.67,4,3,0,1,17,BRE,true
2,347,21,0,4,0,1,0,0,0,0,0,0,0,0,0,18,18.2,20.3,6.0,4.5,0.10,0.00,0.10,0.93,1,0,0,1,17,BRE,true
2,348,0,0,0,0,0,0,0,0,0,0,0,0,0,0,0,0.0,0.0,0.0,0.0,0.00,0.00,0.00,0.00,0,0,0,0,17,BRE,true
2,349,0,0,0,0,0,0,0,0,0,0,0,0,0,0,0,0.0,0.0,0.0,0.0,0.00,0.00,0.00,0.00,0,0,0,0,17,BRE,true
2,350,90,1,0,0,0,0,2,0,0,0,1,0,1,0,-5,7.6,0.0,0.0,0.8,0.00,0.00,0.00,2.30,0,2,0,4,14,NFO,true
2,351,0,0,0,0,0,0,0,0,0,0,0,0,0,0,0,0.0,0.0,0.0,0.0,0.00,0.00,0.00,0.00,0,0,0,0,14,NFO,true
2,352,0,0,0,0,0,0,0,0,0,0,0,0,0,0,0,0.0,0.0,0.0,0.0,0.00,0.00,0.00,0.00,0,0,0,0,14,NFO,true
2,353,0,0,0,0,0,0,0,0,0,0,0,0,0,0,0,0.0,0.0,0.0,0.0,0.00,0.00,0.00,0.00,0,0,0,0,14,NFO,true
2,354,0,0,0,0,0,0,0,0,0,0,0,0,0,0,0,0.0,0.0,0.0,0.0,0.00,0.00,0.00,0.00,0,0,0,0,14,NFO,true
2,355,0,0,0,0,0,0,0,0,0,0,0,0,0,0,0,0.0,0.0,0.0,0.0,0.00,0.00,0.00,0.00,0,0,0,0,14,NFO,true
2,356,90,1,1,0,0,0,2,0,0,0,0,0,0,0,5,24.6,4.3,2.0,3.1,0.00,0.03,0.03,2.30,7,7,0,5,14,NFO,true
2,357,70,1,1,0,0,0,2,0,0,0,0,0,0,0,9,12.8,13.8,4.0,3.1,0.00,0.02,0.02,2.23,6,4,2,3,14,NFO,true
2,358,70,1,1,0,0,0,2,0,0,0,0,0,0,0,9,24.0,12.8,0.0,3.7,0.00,0.01,0.01,2.23,8,7,1,4,14,NFO,true
2,359,0,0,0,0,0,0,0,0,0,0,0,0,0,0,0,0.0,0.0,0.0,0.0,0.00,0.00,0.00,0.00,0,0,0,0,14,NFO,true
2,360,0,0,0,0,0,0,0,0,0,0,0,0,0,0,0,0.0,0.0,0.0,0.0,0.00,0.00,0.00,0.00,0,0,0,0,14,NFO,true
2,361,0,0,0,0,0,0,0,0,0,0,0,0,0,0,0,0.0,0.0,0.0,0.0,0.00,0.00,0.00,0.00,0,0,0,0,14,NFO,true
2,362,76,1,3,0,0,0,2,0,0,0,0,0,0,0,13,30.8,15.1,2.0,4.8,0.00,0.05,0.05,2.23,11,8,3,4,14,NFO,true
2,363,0,0,0,0,0,0,0,0,0,0,0,0,0,0,0,0.0,0.0,0.0,0.0,0.00,0.00,0.00,0.00,0,0,0,0,14,NFO,true
2,364,19,0,1,0,0,0,0,0,0,0,0,0,0,0,4,3.6,1.3,9.0,1.4,0.04,0.01,0.05,0.07,0,0,0,0,14,NFO,true
2,365,0,0,0,0,0,0,0,0,0,0,0,0,0,0,0,0.0,0.0,0.0,0.0,0.00,0.00,0.00,0.00,0,0,0,0,14,NFO,true
2,366,90,1,4,0,1,0,2,0,0,0,1,0,0,0,23,27.8,24.3,22.0,7.4,0.23,0.20,0.43,2.30,10,0,3,7,14,NFO,true
2,367,70,1,5,0,1,0,2,0,0,0,0,0,0,0,21,23.2,27.8,6.0,5.7,0.00,0.65,0.65,2.23,3,1,0,2,14,NFO,true
2,368,90,1,4,0,0,0,2,0,0,0,0,0,0,0,24,21.4,40.7,4.0,6.6,0.16,0.17,0.33,2.30,13,3,3,7,14,NFO,true
2,369,19,0,1,0,0,0,0,0,0,0,0,0,0,0,5,2.0,1.3,2.0,0.5,0.00,0.03,0.03,0.07,0,0,0,0,14,NFO,true
2,370,0,0,0,0,0,0,0,0,0,0,0,0,0,0,0,0.0,0.0,0.0,0.0,0.00,0.00,0.00,0.00,0,0,0,0,14,NFO,true
2,371,19,0,1,0,0,0,0,0,0,0,0,0,0,0,7,4.4,12.1,0.0,1.7,0.00,0.01,0.01,0.07,1,0,1,0,14,NFO,true
2,372,76,1,2,0,0,0,2,0,0,0,0,0,0,0,10,12.6,7.7,0.0,2.0,0.00,0.39,0.39,2.23,10,2,3,5,14,NFO,true
2,373,0,0,0,0,0,0,0,0,0,0,0,0,0,0,0,0.0,0.0,0.0,0.0,0.00,0.00,0.00,0.00,0,0,0,0,14,NFO,true
2,374,0,0,0,0,0,0,0,0,0,0,0,0,0,0,0,0.0,0.0,0.0,0.0,0.00,0.00,0.00,0.00,0,0,0,0,14,NFO,true
2,375,13,0,1,0,0,0,0,0,0,0,0,0,0,0,3,6.4,2.2,0.0,0.9,0.00,0.00,0.00,0.07,5,1,2,2,14,NFO,true
2,376,0,0,0,0,0,0,0,0,0,0,0,0,0,0,0,0.0,0.0,0.0,0.0,0.00,0.00,0.00,0.00,0,0,0,0,14,NFO,true
2,377,90,1,6,1,0,0,2,0,0,0,1,0,0,0,24,42.2,16.8,29.0,8.8,0.32,0.19,0.51,2.30,7,4,2,1,14,NFO,true
2,378,0,0,0,0,0,0,0,0,0,0,0,0,0,0,0,0.0,0.0,0.0,0.0,0.00,0.00,0.00,0.00,0,0,0,0,14,NFO,true
2,379,90,1,8,1,0,0,2,0,0,0,0,0,0,2,30,34.0,10.3,48.0,9.2,0.99,0.00,0.99,2.30,1,0,1,0,14,NFO,true
2,380,0,0,0,0,0,0,0,0,0,0,0,0,0,0,0,0.0,0.0,0.0,0.0,0.00,0.00,0.00,0.00,0,0,0,0,14,NFO,true
2,381,0,0,0,0,0,0,0,0,0,0,0,0,0,0,0,0.0,0.0,0.0,0.0,0.00,0.00,0.00,0.00,0,0,0,0,14,NFO,true
2,382,0,0,0,0,0,0,0,0,0,0,0,0,0,0,0,0.0,0.0,0.0,0.0,0.00,0.00,0.00,0.00,0,0,0,0,14,NFO,true
2,383,0,0,0,0,0,0,0,0,0,0,0,0,0,0,0,0.0,0.0,0.0,0.0,0.00,0.00,0.00,0.00,0,0,0,0,14,NFO,true
2,384,90,1,0,0,0,0,1,1,0,0,0,0,1,0,5,6.8,0.0,0.0,0.7,0.00,0.00,0.00,0.66,0,0,0,8,11,CRY,false
2,385,90,1,3,0,0,0,1,0,0,0,0,0,4,0,20,37.6,0.0,0.0,3.8,0.00,0.00,0.00,1.67,0,0,0,11,17,BRE,true
2,386,0,0,0,0,0,0,0,0,0,0,0,0,0,0,0,0.0,0.0,0.0,0.0,0.00,0.00,0.00,0.00,0,0,0,0,11,CRY,false
2,387,88,1,2,0,0,0,1,0,0,0,0,0,0,0,11,3.6,7.8,5.0,1.6,0.02,0.02,0.04,0.66,1,0,1,2,11,CRY,false
2,388,90,1,2,0,0,0,1,0,0,0,0,0,0,0,12,24.2,15.8,0.0,4.0,0.00,0.04,0.04,0.66,5,5,0,4,11,CRY,false
2,389,0,0,0,0,0,0,0,0,0,0,0,0,0,0,0,0.0,0.0,0.0,0.0,0.00,0.00,0.00,0.00,0,0,0,0,11,CRY,false
2,390,90,1,2,0,0,0,1,0,0,0,0,0,0,0,19,27.0,22.3,35.0,8.4,0.09,0.57,0.66,0.66,6,5,1,6,11,CRY,false
2,391,74,1,5,0,1,0,1,0,0,0,0,0,0,0,18,27.6,30.8,2.0,6.0,0.00,0.04,0.04,0.66,2,1,1,0,11,CRY,false
2,392,0,0,0,0,0,0,0,0,0,0,0,0,0,0,0,0.0,0.0,0.0,0.0,0.00,0.00,0.00,0.00,0,0,0,0,11,CRY,false
2,393,88,1,2,0,0,0,1,0,0,0,0,0,0,0,17,21.0,5.3,4.0,3.0,0.00,0.02,0.02,0.66,7,3,4,3,11,CRY,false
2,394,0,0,0,0,0,0,0,0,0,0,0,0,0,0,0,0.0,0.0,0.0,0.0,0.00,0.00,0.00,0.00,0,0,0,0,11,CRY,false
2,395,0,0,0,0,0,0,0,0,0,0,0,0,0,0,0,0.0,0.0,0.0,0.0,0.00,0.00,0.00,0.00,0,0,0,0,11,CRY,false
2,396,1,0,1,0,0,0,0,0,0,0,0,0,0,0,3,1.2,0.9,0.0,0.2,0.00,0.00,0.00,0.00,0,0,0,0,11,CRY,false
2,397,90,1,5,0,1,0,1,0,0,0,0,0,0,0,33,29.2,43.0,40.0,11.2,0.06,0.57,0.63,0.66,3,0,1,2,11,CRY,false
2,398,90,1,9,0,2,0,1,0,0,0,0,0,0,1,38,42.8,45.8,17.0,10.6,0.87,0.45,1.32,0.66,7,2,1,4,11,CRY,false
2,399,81,1,14,2,0,0,1,0,0,0,1,0,0,3,60,74.8,47.8,49.0,17.2,0.35,0.55,0.90,0.66,3,0,0,3,11,CRY,false
2,400,0,0,0,0,0,0,0,0,0,0,0,0,0,0,0,0.0,0.0,0.0,0.0,0.00,0.00,0.00,0.00,0,0,0,0,11,CRY,false
2,401,90,1,2,0,0,0,2,0,0,0,0,0,0,0,14,9.2,35.1,28.0,7.2,0.17,0.07,0.24,0.72,4,0,1,3,15,NEW,true
2,402,0,0,0,0,0,0,0,0,0,0,0,0,0,0,0,0.0,0.0,0.0,0.0,0.00,0.00,0.00,0.00,0,0,0,0,11,CRY,false
2,403,0,0,0,0,0,0,0,0,0,0,0,0,0,0,0,0.0,0.0,0.0,0.0,0.00,0.00,0.00,0.00,0,0,0,0,15,NEW,true
2,404,0,0,0,0,0,0,0,0,0,0,0,0,0,0,0,0.0,0.0,0.0,0.0,0.00,0.00,0.00,0.00,0,0,0,0,11,CRY,false
2,405,70,1,2,0,0,1,0,0,0,0,1,0,0,0,9,7.2,29.5,0.0,3.7,0.00,0.20,0.20,0.74,4,2,0,2,15,TOT,false
2,406,15,0,1,0,0,0,0,0,0,0,0,0,0,0,9,2.0,3.1,0.0,0.5,0.00,0.01,0.01,0.00,0,0,0,0,11,CRY,false
2,407,0,0,0,0,0,0,0,0,0,0,0,0,0,0,0,0.0,0.0,0.0,0.0,0.00,0.00,0.00,0.00,0,0,0,0,11,CRY,false
2,408,0,0,0,0,0,0,0,0,0,0,0,0,0,0,0,0.0,0.0,0.0,0.0,0.00,0.00,0.00,0.00,0,0,0,0,11,CRY,false
2,409,0,0,0,0,0,0,0,0,0,0,0,0,0,0,0,0.0,0.0,0.0,0.0,0.00,0.00,0.00,0.00,0,0,0,0,11,CRY,false
2,410,0,0,0,0,0,0,0,0,0,0,0,0,0,0,0,0.0,0.0,0.0,0.0,0.00,0.00,0.00,0.00,0,0,0,0,11,CRY,false
2,411,90,1,13,2,0,0,1,0,0,0,0,0,0,3,60,69.0,0.1,51.0,12.0,0.66,0.00,0.66,0.66,5,3,0,2,11,CRY,false
2,412,90,1,2,0,0,0,2,0,0,0,0,0,3,0,11,27.0,0.0,0.0,2.7,0.00,0.00,0.00,2.06,0,1,0,6,18,IPS,true
2,413,0,0,0,0,0,0,0,0,0,0,0,0,0,0,0,0.0,0.0,0.0,0.0,0.00,0.00,0.00,0.00,0,0,0,0,18,IPS,true
2,414,0,0,0,0,0,0,0,0,0,0,0,0,0,0,0,0.0,0.0,0.0,0.0,0.00,0.00,0.00,0.00,0,0,0,0,18,IPS,true
2,415,10,0,1,0,0,0,1,0,0,0,0,0,0,0,4,7.0,11.7,39.0,5.8,0.18,0.01,0.19,1.00,2,1,1,0,18,IPS,true
2,416,0,0,0,0,0,0,0,0,0,0,0,0,0,0,0,0.0,0.0,0.0,0.0,0.00,0.00,0.00,0.00,0,0,0,0,18,IPS,true
2,417,73,1,2,0,0,0,1,0,0,0,0,0,0,0,12,16.4,42.2,33.0,9.2,0.15,0.12,0.27,1.06,4,4,0,1,18,IPS,true
2,418,90,1,4,0,1,0,2,0,0,0,0,0,0,0,13,7.2,1.5,6.0,1.5,0.03,0.01,0.04,2.06,5,4,1,4,18,IPS,true
2,419,90,1,1,0,0,0,2,0,0,0,0,0,0,0,2,4.8,1.8,3.0,1.0,0.03,0.06,0.09,2.06,0,0,0,6,18,IPS,true
2,420,16,0,1,0,0,0,1,0,0,0,0,0,0,0,-2,1.8,1.8,0.0,0.4,0.00,0.01,0.01,1.00,2,2,0,1,18,IPS,true
2,421,0,0,0,0,0,0,0,0,0,0,0,0,0,0,0,0.0,0.0,0.0,0.0,0.00,0.00,0.00,0.00,0,0,0,0,18,IPS,true
2,422,17,0,1,0,0,0,1,0,0,0,0,0,0,0,-1,1.4,1.3,0.0,0.3,0.00,0.00,0.00,1.00,0,0,0,0,18,IPS,true
2,423,72,1,2,0,0,0,1,0,0,0,0,0,0,0,12,18.4,1.6,4.0,2.4,0.00,0.02,0.02,1.06,8,4,4,2,18,IPS,true
2,424,0,0,0,0,0,0,0,0,0,0,0,0,0,0,0,0.0,0.0,0.0,0.0,0.00,0.00,0.00,0.00,0,0,0,0,18,IPS,true
2,425,0,0,0,0,0,0,0,0,0,0,0,0,0,0,0,0.0,0.0,0.0,0.0,0.00,0.00,0.00,0.00,0,0,0,0,18,IPS,true
2,426,90,1,23,3,1,0,2,0,0,0,0,0,0,3,87,132.4,62.5,66.0,26.1,2.02,0.48,2.50,2.06,8,1,2,5,18,IPS,true
2,427,90,1,11,1,1,0,2,0,0,0,1,0,0,2,37,45.6,43.3,35.0,12.4,1.76,0.21,1.97,2.06,5,0,3,2,18,IPS,true
2,428,79,1,9,0,2,0,1,0,0,0,0,0,0,1,31,20.0,27.6,28.0,7.6,0.11,0.15,0.26,1.06,2,0,0,2,18,IPS,true
2,429,79,1,2,0,0,0,1,0,0,0,0,0,0,0,17,16.0,34.3,58.0,10.8,0.26,0.05,0.31,1.06,6,0,3,3,18,IPS,true
2,430,0,0,0,0,0,0,0,0,0,0,0,0,0,0,0,0.0,0.0,0.0,0.0,0.00,0.00,0.00,0.00,0,0,0,0,18,IPS,true
2,431,0,0,0,0,0,0,0,0,0,0,0,0,0,0,0,0.0,0.0,0.0,0.0,0.00,0.00,0.00,0.00,0,0,0,0,18,IPS,true
2,432,79,1,4,0,0,0,1,0,0,0,0,0,0,0,25,15.2,7.2,9.0,3.1,0.14,0.27,0.41,1.06,15,2,3,10,18,IPS,true
2,433,0,0,0,0,0,0,0,0,0,0,0,0,0,0,0,0.0,0.0,0.0,0.0,0.00,0.00,0.00,0.00,0,0,0,0,18,IPS,true
2,434,0,0,0,0,0,0,0,0,0,0,0,0,0,0,0,0.0,0.0,0.0,0.0,0.00,0.00,0.00,0.00,0,0,0,0,18,IPS,true
2,435,0,0,0,0,0,0,0,0,0,0,0,0,0,0,0,0.0,0.0,0.0,0.0,0.00,0.00,0.00,0.00,0,0,0,0,18,IPS,true
2,436,0,0,0,0,0,0,0,0,0,0,0,0,0,0,0,0.0,0.0,0.0,0.0,0.00,0.00,0.00,0.00,0,0,0,0,18,IPS,true
2,437,0,0,0,0,0,0,0,0,0,0,0,0,0,0,0,0.0,0.0,0.0,0.0,0.00,0.00,0.00,0.00,0,0,0,0,18,IPS,true
2,438,0,0,0,0,0,0,0,0,0,0,0,0,0,0,0,0.0,0.0,0.0,0.0,0.00,0.00,0.00,0.00,0,0,0,0,18,IPS,true
2,439,10,0,1,0,0,0,1,0,0,0,0,0,0,0,5,2.2,10.5,2.0,1.5,0.00,0.01,0.01,1.00,3,0,0,3,18,IPS,true
2,440,0,0,0,0,0,0,0,0,0,0,0,0,0,0,0,0.0,0.0,0.0,0.0,0.00,0.00,0.00,0.00,0,0,0,0,18,IPS,true
2,441,0,0,0,0,0,0,0,0,0,0,0,0,0,0,0,0.0,0.0,0.0,0.0,0.00,0.00,0.00,0.00,0,0,0,0,18,IPS,true
2,442,0,0,0,0,0,0,0,0,0,0,0,0,0,0,0,0.0,0.0,0.0,0.0,0.00,0.00,0.00,0.00,0,0,0,0,15,TOT,false
2,443,0,0,0,0,0,0,0,0,0,0,0,0,0,0,0,0.0,0.0,0.0,0.0,0.00,0.00,0.00,0.00,0,0,0,0,15,TOT,false
2,444,0,0,0,0,0,0,0,0,0,0,0,0,0,0,0,0.0,0.0,0.0,0.0,0.00,0.00,0.00,0.00,0,0,0,0,15,TOT,false
2,445,90,1,6,0,0,1,0,0,0,0,0,0,0,0,25,6.8,1.5,0.0,0.8,0.00,0.02,0.02,1.12,3,3,0,1,15,TOT,false
2,446,0,0,0,0,0,0,0,0,0,0,0,0,0,0,0,0.0,0.0,0.0,0.0,0.00,0.00,0.00,0.00,0,0,0,0,15,TOT,false
2,447,90,1,5,0,0,1,0,0,0,0,1,0,0,0,22,11.2,1.8,2.0,1.5,0.01,0.00,0.01,1.12,5,4,1,4,15,TOT,false
2,448,0,0,0,0,0,0,0,0,0,0,0,0,0,0,0,0.0,0.0,0.0,0.0,0.00,0.00,0.00,0.00,0,0,0,0,15,TOT,false
2,449,90,1,11,0,0,1,0,0,0,0,0,0,0,3,52,39.0,27.3,4.0,7.0,0.03,0.31,0.34,1.12,13,11,2,6,15,TOT,false
2,450,0,0,0,0,0,0,0,0,0,0,0,0,0,0,0,0.0,0.0,0.0,0.0,0.00,0.00,0.00,0.00,0,0,0,0,15,TOT,false
2,451,0,0,0,0,0,0,0,0,0,0,0,0,0,0,0,0.0,0.0,0.0,0.0,0.00,0.00,0.00,0.00,0,0,0,0,15,TOT,false
2,452,19,0,1,0,0,0,0,0,0,0,0,0,0,0,4,1.4,0.8,2.0,0.4,0.00,0.01,0.01,0.00,3,0,0,3,20,AVL,false
2,453,90,1,3,0,0,1,0,0,0,0,0,0,0,0,9,7.2,22.1,7.0,3.6,0.04,0.01,0.05,1.12,4,2,2,0,15,TOT,false
2,454,81,1,8,1,0,1,0,0,0,0,0,0,0,0,32,36.8,15.3,29.0,8.1,0.20,0.10,0.30,0.74,3,0,2,1,15,TOT,false
2,455,74,1,2,0,0,0,2,0,0,0,0,0,0,0,16,5.0,26.3,4.0,3.5,0.05,0.02,0.07,0.72,4,1,0,3,15,NEW,true
2,456,8,0,1,0,0,0,0,0,0,0,0,0,0,0,3,0.2,4.2,0.0,0.4,0.00,0.13,0.13,0.38,1,0,0,1,15,TOT,false
2,457,8,0,1,0,0,0,0,0,0,0,0,0,0,0,3,2.2,3.1,2.0,0.7,0.00,0.20,0.20,0.38,3,0,1,2,15,TOT,false
2,458,0,0,0,0,0,0,0,0,0,0,0,0,0,0,0,0.0,0.0,0.0,0.0,0.00,0.00,0.00,0.00,0,0,0,0,15,TOT,false
2,459,90,1,3,0,0,1,0,0,0,0,0,0,0,0,16,11.2,14.7,0.0,2.6,0.00,0.04,0.04,1.12,9,3,0,6,15,TOT,false
2,460,70,1,3,0,0,1,0,0,0,0,0,0,0,0,0,0.0,4.3,8.0,0.5,0.07,0.02,0.09,0.74,2,1,0,1,15,TOT,false
2,461,1,0,1,0,0,0,0,0,0,0,0,0,0,0,3,0.0,0.0,0.0,0.0,0.00,0.00,0.00,0.00,0,0,0,0,15,TOT,false
2,462,19,0,1,0,0,0,0,0,0,0,0,0,0,0,4,5.0,0.0,0.0,0.5,0.00,0.00,0.00,0.38,3,3,0,0,15,TOT,false
2,463,19,0,4,0,1,0,0,0,0,0,0,0,0,0,18,18.2,10.5,11.0,4.0,0.02,0.01,0.03,0.38,0,0,0,0,15,TOT,false
2,464,81,1,8,1,0,1,0,0,0,0,0,0,0,2,37,35.6,10.3,46.0,9.2,0.35,0.00,0.35,0.74,6,1,1,4,15,TOT,false
2,465,0,0,0,0,0,0,0,0,0,0,0,0,0,0,0,0.0,0.0,0.0,0.0,0.00,0.00,0.00,0.00,0,0,0,0,15,TOT,false
2,466,0,0,0,0,0,0,0,0,0,0,0,0,0,0,0,0.0,0.0,0.0,0.0,0.00,0.00,0.00,0.00,0,0,0,0,15,TOT,false
2,467,90,1,1,0,0,0,2,0,0,0,0,0,2,0,6,16.6,0.0,0.0,1.7,0.00,0.01,0.01,1.75,0,3,0,6,14,LIV,false
2,468,0,0,0,0,0,0,0,0,0,0,0,0,0,0,0,0.0,0.0,0.0,0.0,0.00,0.00,0.00,0.00,0,0,0,0,14,LIV,false
2,469,90,1,6,0,1,0,2,0,0,0,0,0,0,0,16,34.4,25.3,6.0,6.6,0.12,0.15,0.27,1.75,12,6,6,1,14,LIV,false
2,470,0,0,0,0,0,0,0,0,0,0,0,0,0,0,0,0.0,0.0,0.0,0.0,0.00,0.00,0.00,0.00,0,0,0,0,14,LIV,false
2,471,90,1,3,0,0,0,2,0,0,0,0,0,0,0,3,17.0,0.0,0.0,1.7,0.00,0.00,0.00,1.75,13,10,3,3,14,LIV,false
2,472,90,1,1,0,0,0,2,0,0,0,0,0,0,0,2,11.2,0.3,8.0,2.0,0.18,0.00,0.18,1.75,6,6,0,3,14,LIV,false
2,473,85,1,0,0,0,0,2,0,0,0,1,0,0,0,2,11.8,15.5,4.0,3.1,0.00,0.35,0.35,1.75,5,3,2,4,14,LIV,false
2,474,90,1,1,0,0,0,2,0,0,0,0,0,0,0,6,14.6,0.4,0.0,1.5,0.00,0.00,0.00,1.75,8,6,2,3,14,LIV,false
2,475,0,0,0,0,0,0,0,0,0,0,0,0,0,0,0,0.0,0.0,0.0,0.0,0.00,0.00,0.00,0.00,0,0,0,0,14,LIV,false
2,476,0,0,0,0,0,0,0,0,0,0,0,0,0,0,0,0.0,0.0,0.0,0.0,0.00,0.00,0.00,0.00,0,0,0,0,14,LIV,false
2,477,0,0,0,0,0,0,0,0,0,0,0,0,0,0,0,0.0,0.0,0.0,0.0,0.00,0.00,0.00,0.00,0,0,0,0,14,LIV,false
2,478,4,0,1,0,0,0,0,0,0,0,0,0,0,0,5,2.0,0.0,0.0,0.2,0.00,0.00,0.00,0.00,1,0,1,0,14,LIV,false
2,479,0,0,0,0,0,0,0,0,0,0,0,0,0,0,0,0.0,0.0,0.0,0.0,0.00,0.00,0.00,0.00,0,0,0,0,14,LIV,false
2,480,90,1,13,1,1,0,2,0,0,0,0,0,0,3,36,56.4,12.5,17.0,8.6,0.79,0.04,0.83,1.75,5,1,2,2,14,LIV,false
2,481,81,1,3,0,0,0,1,0,0,0,1,0,0,0,25,25.0,20.2,13.0,5.8,0.07,0.22,0.29,0.66,14,4,5,5,11,CRY,false
2,482,1,0,1,0,0,0,0,0,0,0,0,0,0,0,2,0.0,0.3,0.0,0.0,0.00,0.00,0.00,0.00,0,0,0,0,14,LIV,false
2,483,65,1,9,1,0,0,1,0,0,0,0,0,0,2,30,35.8,23.0,36.0,9.5,0.35,0.63,0.98,1.42,9,1,0,8,14,LIV,false
2,484,0,0,0,0,0,0,0,0,0,0,0,0,0,0,0,0.0,0.0,0.0,0.0,0.00,0.00,0.00,0.00,0,0,0,0,14,LIV,false
2,485,0,0,0,0,0,0,0,0,0,0,0,0,0,0,0,0.0,0.0,0.0,0.0,0.00,0.00,0.00,0.00,0,0,0,0,14,LIV,false
2,486,90,1,2,0,0,0,2,0,0,0,0,0,0,0,16,8.2,18.5,0.0,2.7,0.00,0.16,0.16,1.75,8,2,1,5,14,LIV,false
2,487,1,0,1,0,0,0,0,0,0,0,0,0,0,0,3,0.2,0.0,0.0,0.0,0.00,0.00,0.00,0.00,0,0,0,0,14,LIV,false
2,488,0,0,0,0,0,0,0,0,0,0,0,0,0,0,0,0.0,0.0,0.0,0.0,0.00,0.00,0.00,0.00,0,0,0,0,14,LIV,false
2,489,0,0,0,0,0,0,0,0,0,0,0,0,0,0,0,0.0,0.0,0.0,0.0,0.00,0.00,0.00,0.00,0,0,0,0,14,LIV,false
2,490,0,0,0,0,0,0,0,0,0,0,0,0,0,0,0,0.0,0.0,0.0,0.0,0.00,0.00,0.00,0.00,0,0,0,0,14,LIV,false
2,491,90,1,1,0,0,0,2,0,0,0,1,0,0,0,4,8.6,13.3,38.0,6.0,0.74,0.04,0.78,1.75,5,3,1,1,14,LIV,false
2,492,90,1,2,0,0,0,1,0,0,0,0,0,0,0,6,10.0,23.6,65.0,9.9,0.93,0.03,0.96,0.72,3,1,0,2,13,HUL,true
2,493,0,0,0,0,0,0,0,0,0,0,0,0,0,0,0,0.0,0.0,0.0,0.0,0.00,0.00,0.00,0.00,0,0,0,0,14,LIV,false
2,494,0,0,0,0,0,0,0,0,0,0,0,0,0,0,0,0.0,0.0,0.0,0.0,0.00,0.00,0.00,0.00,0,0,0,0,15,NEW,true
2,495,0,0,0,0,0,0,0,0,0,0,0,0,0,0,0,0.0,0.0,0.0,0.0,0.00,0.00,0.00,0.00,0,0,0,0,15,NEW,true
2,496,90,1,1,0,0,0,2,0,0,0,0,0,0,0,4,3.8,0.0,0.0,0.4,0.00,0.00,0.00,0.72,0,0,0,6,15,NEW,true
2,497,0,0,0,0,0,0,0,0,0,0,0,0,0,0,0,0.0,0.0,0.0,0.0,0.00,0.00,0.00,0.00,0,0,0,0,15,NEW,true
2,498,0,0,0,0,0,0,0,0,0,0,0,0,0,0,0,0.0,0.0,0.0,0.0,0.00,0.00,0.00,0.00,0,0,0,0,15,NEW,true
2,499,90,1,1,0,0,0,2,0,0,0,0,0,0,0,1,9.4,7.9,21.0,3.8,0.33,0.10,0.43,0.72,4,3,1,2,15,NEW,true
2,500,0,0,0,0,0,0,0,0,0,0,0,0,0,0,0,0.0,0.0,0.0,0.0,0.00,0.00,0.00,0.00,0,0,0,0,15,NEW,true
2,501,0,0,0,0,0,0,0,0,0,0,0,0,0,0,0,0.0,0.0,0.0,0.0,0.00,0.00,0.00,0.00,0,0,0,0,15,NEW,true
2,502,67,1,2,0,0,0,1,0,0,0,0,0,0,0,7,11.2,16.8,25.0,5.3,0.06,0.02,0.08,0.48,3,2,1,1,15,NEW,true
2,503,90,1,0,0,0,0,2,0,0,0,1,0,0,0,5,15.2,2.1,0.0,1.7,0.00,0.02,0.02,0.72,8,7,1,4,15,NEW,true
2,504,90,1,0,0,0,0,4,0,0,0,0,0,0,0,-2,22.8,8.3,5.0,3.6,0.03,0.02,0.05,2.93,8,7,1,3,16,CHE,false
2,505,0,0,0,0,0,0,0,0,0,0,0,0,0,0,0,0.0,0.0,0.0,0.0,0.00,0.00,0.00,0.00,0,0,0,0,15,NEW,true
2,506,22,0,1,0,0,0,1,0,0,0,0,0,0,0,2,5.2,11.5,2.0,1.9,0.00,0.19,0.19,0.24,1,0,1,1,15,NEW,true
2,507,0,0,0,0,0,0,0,0,0,0,0,0,0,0,0,0.0,0.0,0.0,0.0,0.00,0.00,0.00,0.00,0,0,0,0,15,NEW,true
2,508,0,0,0,0,0,0,0,0,0,0,0,0,0,0,0,0.0,0.0,0.0,0.0,0.00,0.00,0.00,0.00,0,0,0,0,15,NEW,true
2,509,0,0,0,0,0,0,0,0,0,0,0,0,0,0,0,0.0,0.0,0.0,0.0,0.00,0.00,0.00,0.00,0,0,0,0,15,NEW,true
2,510,0,0,0,0,0,0,0,0,0,0,0,0,0,0,0,0.0,0.0,0.0,0.0,0.00,0.00,0.00,0.00,0,0,0,0,15,NEW,true
2,511,0,0,0,0,0,0,0,0,0,0,0,0,0,0,0,0.0,0.0,0.0,0.0,0.00,0.00,0.00,0.00,0,0,0,0,15,NEW,true
2,512,22,0,1,0,0,0,1,0,0,0,0,0,0,0,4,1.2,3.3,11.0,1.6,0.04,0.01,0.05,0.24,2,0,0,2,15,NEW,true
2,513,0,0,0,0,0,0,0,0,0,0,0,0,0,0,0,0.0,0.0,0.0,0.0,0.00,0.00,0.00,0.00,0,0,0,0,15,NEW,true
2,514,67,1,2,0,0,0,1,0,0,0,0,0,0,0,10,3.8,3.3,34.0,4.1,0.14,0.03,0.17,0.48,3,0,1,2,15,NEW,true
2,515,0,0,0,0,0,0,0,0,0,0,0,0,0,0,0,0.0,0.0,0.0,0.0,0.00,0.00,0.00,0.00,0,0,0,0,15,NEW,true
2,516,90,1,2,0,0,0,2,0,0,0,0,0,0,0,17,15.4,7.1,0.0,2.3,0.00,0.02,0.02,0.72,11,3,2,6,15,NEW,true
2,517,0,0,0,0,0,0,0,0,0,0,0,0,0,0,0,0.0,0.0,0.0,0.0,0.00,0.00,0.00,0.00,0,0,0,0,15,NEW,true
2,518,0,0,0,0,0,0,0,0,0,0,0,0,0,0,0,0.0,0.0,0.0,0.0,0.00,0.00,0.00,0.00,0,0,0,0,15,NEW,true
2,519,0,0,0,0,0,0,0,0,0,0,0,0,0,0,0,0.0,0.0,0.0,0.0,0.00,0.00,0.00,0.00,0,0,0,0,15,NEW,true
2,520,0,0,0,0,0,0,0,0,0,0,0,0,0,0,0,0.0,0.0,0.0,0.0,0.00,0.00,0.00,0.00,0,0,0,0,15,NEW,true
2,521,0,0,0,0,0,0,0,0,0,0,0,0,0,0,0,0.0,0.0,0.0,0.0,0.00,0.00,0.00,0.00,0,0,0,0,15,NEW,true
2,522,67,1,2,0,0,0,1,0,0,0,0,0,0,0,9,1.8,1.5,0.0,0.3,0.00,0.00,0.00,0.48,6,3,0,3,15,NEW,true
2,523,22,0,1,0,0,0,1,0,0,0,0,0,0,0,1,0.0,0.4,1.0,0.0,0.02,0.00,0.02,0.24,1,0,0,1,15,NEW,true
2,524,0,0,0,0,0,0,0,0,0,0,0,0,0,0,0,0.0,0.0,0.0,0.0,0.00,0.00,0.00,0.00,0,0,0,0,15,NEW,true
2,525,90,1,2,0,0,0,2,0,0,0,0,0,0,0,18,14.0,46.3,1.0,6.1,0.01,0.17,0.18,0.72,8,0,3,5,15,NEW,true
2,526,15,0,1,0,0,0,0,0,0,0,0,0,0,0,6,3.2,0.3,6.0,1.0,0.20,0.00,0.20,0.00,0,0,0,0,15,NEW,true
2,527,0,0,0,0,0,0,0,0,0,0,0,0,0,0,0,0.0,0.0,0.0,0.0,0.00,0.00,0.00,0.00,0,0,0,0,15,NEW,true
2,528,0,0,0,0,0,0,0,0,0,0,0,0,0,0,0,0.0,0.0,0.0,0.0,0.00,0.00,0.00,0.00,0,0,0,0,15,NEW,true
2,529,90,1,6,0,0,1,0,0,0,0,0,0,0,0,22,4.0,0.0,0.0,0.4,0.00,0.00,0.00,0.95,0,2,0,7,19,FUL,true
2,530,0,0,0,0,0,0,0,0,0,0,0,0,0,0,0,0.0,0.0,0.0,0.0,0.00,0.00,0.00,0.00,0,0,0,0,19,FUL,true
2,531,0,0,0,0,0,0,0,0,0,0,0,0,0,0,0,0.0,0.0,0.0,0.0,0.00,0.00,0.00,0.00,0,0,0,0,19,FUL,true
2,532,90,1,8,0,0,1,0,0,0,0,0,0,0,0,27,23.6,1.2,7.0,3.2,0.03,0.00,0.03,0.95,10,9,1,1,19,FUL,true
2,533,90,1,9,0,0,1,0,0,0,0,0,0,0,1,28,42.6,8.0,2.0,5.3,0.00,0.01,0.01,0.95,19,17,2,4,19,FUL,true
2,534,90,1,6,0,0,1,0,0,0,0,0,0,0,0,24,18.6,19.1,2.0,4.0,0.00,0.01,0.01,0.95,6,2,4,4,19,FUL,true
2,535,0,0,0,0,0,0,0,0,0,0,0,0,0,0,0,0.0,0.0,0.0,0.0,0.00,0.00,0.00,0.00,0,0,0,0,19,FUL,true
2,536,90,1,6,0,0,1,0,0,0,0,0,0,0,0,26,16.4,6.0,2.0,2.4,0.00,0.01,0.01,0.95,7,6,1,3,19,FUL,true
2,537,0,0,0,0,0,0,0,0,0,0,0,0,0,0,0,0.0,0.0,0.0,0.0,0.00,0.00,0.00,0.00,0,0,0,0,19,FUL,true
2,538,0,0,0,0,0,0,0,0,0,0,0,0,0,0,0,0.0,0.0,0.0,0.0,0.00,0.00,0.00,0.00,0,0,0,0,19,FUL,true
2,539,0,0,0,0,0,0,0,0,0,0,0,0,0,0,0,0.0,0.0,0.0,0.0,0.00,0.00,0.00,0.00,0,0,0,0,19,FUL,true
2,540,0,0,0,0,0,0,0,0,0,0,0,0,0,0,0,0.0,0.0,0.0,0.0,0.00,0.00,0.00,0.00,0,0,0,0,19,FUL,true
2,541,90,1,6,0,0,1,0,0,0,0,0,0,0,0,27,22.6,20.0,9.0,5.2,0.02,0.05,0.07,0.95,8,8,0,5,19,FUL,true
2,542,89,1,3,0,0,1,0,0,0,0,0,0,0,0,13,3.4,21.2,30.0,5.5,0.37,0.17,0.54,0.86,6,1,1,4,19,FUL,true
2,543,18,0,4,0,1,0,0,0,0,0,0,0,0,0,15,15.2,10.3,0.0,2.6,0.00,0.16,0.16,0.02,0,0,0,0,19,FUL,true
2,544,90,1,6,0,0,1,0,0,0,0,0,0,0,3,29,20.4,57.9,0.0,7.8,0.00,0.36,0.36,0.95,7,1,0,6,19,FUL,true
2,545,90,1,3,0,0,1,0,0,0,0,0,0,0,0,21,18.4,7.8,6.0,3.2,0.02,0.02,0.04,0.95,11,6,3,2,19,FUL,true
2,546,0,0,0,0,0,0,0,0,0,0,0,0,0,0,0,0.0,0.0,0.0,0.0,0.00,0.00,0.00,0.00,0,0,0,0,19,FUL,true
2,547,1,0,1,0,0,0,0,0,0,0,0,0,0,0,2,8.0,0.1,17.0,2.5,0.17,0.00,0.17,0.09,1,1,0,0,19,FUL,true
2,548,7,0,1,0,0,0,0,0,0,0,0,0,0,0,3,0.0,0.0,0.0,0.0,0.00,0.00,0.00,0.34,0,0,0,0,19,FUL,true
2,549,0,0,0,0,0,0,0,0,0,0,0,0,0,0,0,0.0,0.0,0.0,0.0,0.00,0.00,0.00,0.00,0,0,0,0,19,FUL,true
2,550,0,0,0,0,0,0,0,0,0,0,0,0,0,0,0,0.0,0.0,0.0,0.0,0.00,0.00,0.00,0.00,0,0,0,0,19,FUL,true
2,551,64,1,3,0,0,1,0,0,0,0,0,0,0,0,13,7.2,16.7,0.0,2.4,0.00,0.04,0.04,0.58,5,0,1,4,19,FUL,true
2,552,63,1,2,0,0,1,0,0,0,0,0,0,0,0,5,0.0,2.8,6.0,0.7,0.03,0.00,0.03,0.58,4,1,0,3,19,FUL,true
2,553,26,0,8,1,0,0,0,0,0,0,0,0,0,3,29,29.2,0.1,25.0,5.4,1.39,0.00,1.39,0.37,0,0,0,0,19,FUL,true
2,554,0,0,0,0,0,0,0,0,0,0,0,0,0,0,0,0.0,0.0,0.0,0.0,0.00,0.00,0.00,0.00,0,0,0,0,18,MUN,false
2,555,0,0,0,0,0,0,0,0,0,0,0,0,0,0,0,0.0,0.0,0.0,0.0,0.00,0.00,0.00,0.00,0,0,0,0,11,MCI,true
2,556,0,0,0,0,0,0,0,0,0,0,0,0,0,0,0,0.0,0.0,0.0,0.0,0.00,0.00,0.00,0.00,0,0,0,0,13,COV,false
2,557,45,1,0,0,0,0,0,0,0,0,1,0,0,0,1,0.0,11.8,4.0,1.6,0.00,0.01,0.01,0.10,3,1,0,2,20,AVL,false
2,558,90,1,4,0,0,0,2,0,0,0,0,0,0,0,15,21.2,0.7,7.0,2.9,0.05,0.00,0.05,1.75,15,3,5,7,14,LIV,false
2,559,0,0,0,0,0,0,0,0,0,0,0,0,0,0,0,0.0,0.0,0.0,0.0,0.00,0.00,0.00,0.00,0,0,0,0,15,TOT,false
2,560,0,0,0,0,0,0,0,0,0,0,0,0,0,0,0,0.0,0.0,0.0,0.0,0.00,0.00,0.00,0.00,0,0,0,0,16,BHA,true
2,561,0,0,0,0,0,0,0,0,0,0,0,0,0,0,0,0.0,0.0,0.0,0.0,0.00,0.00,0.00,0.00,0,0,0,0,16,BHA,true
2,562,72,1,2,0,0,0,4,0,0,0,0,0,0,0,10,8.0,1.4,19.0,2.8,0.06,0.01,0.07,3.91,5,3,1,1,18,MUN,false
2,563,45,1,1,0,0,0,0,0,0,0,0,0,0,0,6,11.0,13.4,0.0,2.4,0.00,0.00,0.00,1.09,3,2,0,1,13,COV,false
2,564,90,1,2,0,0,0,5,0,0,0,0,0,6,0,9,46.4,0.0,0.0,4.6,0.00,0.01,0.01,4.77,0,4,0,13,18,MUN,false
2,565,90,1,4,0,0,0,1,0,0,0,0,0,0,0,16,24.4,25.3,11.0,6.1,0.21,0.03,0.24,1.46,14,5,4,5,17,LEE,false
2,566,90,1,4,0,0,0,1,0,0,0,0,0,0,0,11,18.6,1.8,13.0,3.3,0.25,0.03,0.28,1.84,10,8,2,4,12,EVE,true
2,567,90,1,7,0,0,1,0,0,0,0,0,0,4,0,32,34.6,0.0,0.0,3.5,0.00,0.00,0.00,1.12,0,2,0,4,15,TOT,false
2,568,8,0,1,0,0,0,1,0,0,0,0,0,0,0,1,0.0,0.0,4.0,0.2,0.04,0.00,0.04,0.07,1,1,0,0,16,BHA,true
2,569,90,1,2,0,0,0,1,0,0,0,0,0,0,0,2,5.6,2.8,24.0,3.2,0.27,0.01,0.28,2.02,4,2,0,2,19,SUN,false
2,570,75,1,1,0,0,0,1,0,0,0,1,0,0,0,6,3.0,1.3,3.0,0.7,0.02,0.00,0.02,1.62,9,3,0,6,19,SUN,false
2,571,0,0,0,0,0,0,0,0,0,0,0,0,0,0,0,0.0,0.0,0.0,0.0,0.00,0.00,0.00,0.00,0,0,0,0,18,MUN,false
2,572,90,1,10,0,0,1,0,0,0,0,0,0,3,3,32,26.2,0.0,0.0,2.6,0.00,0.00,0.00,1.29,0,0,0,11,13,COV,false
2,573,0,0,0,0,0,0,0,0,0,0,0,0,0,0,0,0.0,0.0,0.0,0.0,0.00,0.00,0.00,0.00,0,0,0,0,12,EVE,true
2,574,0,0,0,0,0,0,0,0,0,0,0,0,0,0,0,0.0,0.0,0.0,0.0,0.00,0.00,0.00,0.00,0,0,0,0,13,COV,false
2,575,70,1,3,0,0,1,0,0,0,0,0,0,0,0,17,9.4,16.0,7.0,3.2,0.03,0.13,0.16,0.02,7,3,0,4,13,HUL,true
2,576,58,1,0,0,0,0,0,0,0,0,1,0,0,0,-2,0.0,4.3,7.0,0.9,0.01,0.01,0.02,1.09,7,2,0,5,13,COV,false
2,577,73,1,1,0,0,0,3,0,0,0,0,0,0,0,-3,12.6,1.3,2.0,1.6,0.00,0.00,0.00,2.01,8,7,1,3,11,MCI,true
2,578,0,0,0,0,0,0,0,0,0,0,0,0,0,0,0,0.0,0.0,0.0,0.0,0.00,0.00,0.00,0.00,0,0,0,0,16,BHA,true
2,579,13,0,0,0,0,0,0,0,0,0,1,0,0,0,-1,5.8,2.3,0.0,0.8,0.00,0.01,0.01,0.07,1,1,0,2,14,NFO,true
2,580,22,0,1,0,0,0,1,0,0,0,0,0,0,0,2,0.6,2.8,6.0,0.9,0.09,0.03,0.12,1.77,2,1,0,1,19,SUN,false
2,581,0,0,0,0,0,0,0,0,0,0,0,0,0,0,0,0.0,0.0,0.0,0.0,0.00,0.00,0.00,0.00,0,0,0,0,14,LIV,false
2,582,0,0,0,0,0,0,0,0,0,0,0,0,0,0,0,0.0,0.0,0.0,0.0,0.00,0.00,0.00,0.00,0,0,0,0,20,ARS,true
2,583,18,0,1,0,0,0,1,0,0,0,0,0,0,0,1,6.4,0.3,0.0,0.7,0.00,0.02,0.02,0.09,3,2,1,1,16,BHA,true
2,584,19,0,1,0,0,0,1,0,0,0,0,0,0,0,2,0.2,1.5,0.0,0.2,0.00,0.02,0.02,0.69,0,0,0,0,13,HUL,true
2,585,31,0,1,0,0,0,0,0,0,0,0,0,0,0,3,3.0,0.2,0.0,0.3,0.00,0.00,0.00,0.20,1,1,0,0,13,COV,false
2,586,58,1,1,0,0,0,0,0,0,0,0,0,0,0,9,27.6,0.0,7.0,3.5,0.01,0.00,0.01,1.09,9,7,2,2,13,COV,false
2,587,0,0,0,0,0,0,0,0,0,0,0,0,0,0,0,0.0,0.0,0.0,0.0,0.00,0.00,0.00,0.00,0,0,0,0,11,CRY,false
2,588,74,1,2,0,0,0,3,0,0,0,1,0,0,0,9,26.4,1.5,3.0,3.1,0.02,0.00,0.02,2.01,14,4,10,5,11,MCI,true
2,589,45,0,1,0,0,0,0,0,0,0,0,0,0,0,6,12.8,0.9,0.0,1.4,0.00,0.01,0.01,0.20,6,1,3,2,13,COV,false
2,590,0,0,0,0,0,0,0,0,0,0,0,0,0,0,0,0.0,0.0,0.0,0.0,0.00,0.00,0.00,0.00,0,0,0,0,14,LIV,false
2,591,90,1,5,0,1,0,5,0,0,0,0,0,0,0,25,21.8,12.4,21.0,5.5,0.40,0.31,0.71,4.77,8,0,1,7,18,MUN,false
2,592,17,0,1,0,0,0,1,0,0,0,0,0,0,0,-1,0.6,0.6,0.0,0.1,0.00,0.00,0.00,0.86,0,0,0,1,18,MUN,false
2,593,90,1,11,0,1,1,0,0,0,0,0,0,0,2,37,42.6,30.4,0.0,7.3,0.00,0.06,0.06,1.12,8,5,3,5,15,TOT,false
2,594,10,0,1,0,0,0,0,0,0,0,0,0,0,0,3,0.0,3.7,0.0,0.4,0.00,0.00,0.00,0.04,0,0,0,0,16,CHE,false
2,595,22,0,1,0,0,0,1,0,0,0,0,0,0,0,3,1.4,1.3,0.0,0.3,0.00,0.00,0.00,0.20,1,0,1,0,11,MCI,true
2,596,0,0,0,0,0,0,0,0,0,0,0,0,0,0,0,0.0,0.0,0.0,0.0,0.00,0.00,0.00,0.00,0,0,0,0,20,ARS,true
2,597,90,1,2,0,0,0,1,0,0,0,0,0,1,0,8,13.6,0.0,0.0,1.4,0.00,0.00,0.00,1.04,0,2,0,9,20,ARS,true
2,598,56,0,1,0,0,0,1,0,0,0,0,0,0,0,9,16.0,1.1,6.0,2.3,0.00,0.00,0.00,1.32,6,5,1,4,17,BRE,true
2,599,0,0,0,0,0,0,0,0,0,0,0,0,0,0,0,0.0,0.0,0.0,0.0,0.00,0.00,0.00,0.00,0,0,0,0,13,HUL,true
2,600,16,0,1,0,0,0,1,0,0,0,0,0,0,0,6,3.0,1.3,2.0,0.6,0.00,0.01,0.01,0.10,1,0,1,0,16,CHE,false
2,601,0,0,0,0,0,0,0,0,0,0,0,0,0,0,0,0.0,0.0,0.0,0.0,0.00,0.00,0.00,0.00,0,0,0,0,15,NEW,true
2,602,0,0,0,0,0,0,0,0,0,0,0,0,0,0,0,0.0,0.0,0.0,0.0,0.00,0.00,0.00,0.00,0,0,0,0,18,MUN,false
2,603,0,0,0,0,0,0,0,0,0,0,0,0,0,0,0,0.0,0.0,0.0,0.0,0.00,0.00,0.00,0.00,0,0,0,0,17,BRE,true
2,604,0,0,0,0,0,0,0,0,0,0,0,0,0,0,0,0.0,0.0,0.0,0.0,0.00,0.00,0.00,0.00,0,0,0,0,17,BRE,true
2,605,73,1,8,1,0,0,3,0,0,0,0,0,0,1,39,50.8,20.1,42.0,11.3,0.70,0.16,0.86,2.83,7,2,3,2,16,CHE,false
2,606,0,0,0,0,0,0,0,0,0,0,0,0,0,0,0,0.0,0.0,0.0,0.0,0.00,0.00,0.00,0.00,0,0,0,0,20,ARS,true
2,607,0,0,0,0,0,0,0,0,0,0,0,0,0,0,0,0.0,0.0,0.0,0.0,0.00,0.00,0.00,0.00,0,0,0,0,20,ARS,true
2,608,0,0,0,0,0,0,0,0,0,0,0,0,0,0,0,0.0,0.0,0.0,0.0,0.00,0.00,0.00,0.00,0,0,0,0,12,EVE,true
2,609,0,0,0,0,0,0,0,0,0,0,0,0,0,0,0,0.0,0.0,0.0,0.0,0.00,0.00,0.00,0.00,0,0,0,0,15,TOT,false
2,610,0,0,0,0,0,0,0,0,0,0,0,0,0,0,0,0.0,0.0,0.0,0.0,0.00,0.00,0.00,0.00,0,0,0,0,19,SUN,false
2,611,12,0,1,0,0,0,0,0,0,0,0,0,0,0,4,3.6,0.8,0.0,0.4,0.00,0.00,0.00,0.00,2,0,2,0,20,ARS,true
2,612,0,0,0,0,0,0,0,0,0,0,0,0,0,0,0,0.0,0.0,0.0,0.0,0.00,0.00,0.00,0.00,0,0,0,0,19,FUL,true
2,613,0,0,0,0,0,0,0,0,0,0,0,0,0,0,0,0.0,0.0,0.0,0.0,0.00,0.00,0.00,0.00,0,0,0,0,19,FUL,true
2,614,0,0,0,0,0,0,0,0,0,0,0,0,0,0,0,0.0,0.0,0.0,0.0,0.00,0.00,0.00,0.00,0,0,0,0,16,CHE,false
2,615,0,0,0,0,0,0,0,0,0,0,0,0,0,0,0,0.0,0.0,0.0,0.0,0.00,0.00,0.00,0.00,0,0,0,0,12,EVE,true
2,616,8,0,1,0,0,0,0,0,0,0,0,0,0,0,3,1.8,4.3,0.0,0.6,0.00,0.12,0.12,0.00,1,1,0,0,11,CRY,false
2,617,7,0,1,0,0,0,0,0,0,0,0,0,0,0,3,0.4,0.3,0.0,0.1,0.00,0.00,0.00,0.18,0,0,0,0,13,COV,false
2,618,0,0,0,0,0,0,0,0,0,0,0,0,0,0,0,0.0,0.0,0.0,0.0,0.00,0.00,0.00,0.00,0,0,0,0,20,ARS,true
2,619,28,0,1,0,0,0,2,0,0,0,0,0,0,0,11,7.2,12.0,2.0,2.1,0.00,0.01,0.01,1.92,6,2,1,3,18,MUN,false
2,620,0,0,0,0,0,0,0,0,0,0,0,0,0,0,0,0.0,0.0,0.0,0.0,0.00,0.00,0.00,0.00,0,0,0,0,17,LEE,false
2,621,8,0,1,0,0,0,0,0,0,0,0,0,0,0,3,0.0,0.5,1.0,0.1,0.10,0.00,0.10,0.00,0,0,0,0,11,CRY,false
2,622,1,0,1,0,0,0,0,0,0,0,0,0,0,0,3,0.6,0.8,0.0,0.1,0.00,0.00,0.00,0.00,0,0,0,1,11,CRY,false
2,623,0,0,0,0,0,0,0,0,0,0,0,0,0,0,0,0.0,0.0,0.0,0.0,0.00,0.00,0.00,0.00,0,0,0,0,13,HUL,true
2,624,0,0,0,0,0,0,0,0,0,0,0,0,0,0,0,0.0,0.0,0.0,0.0,0.00,0.00,0.00,0.00,0,0,0,0,16,CHE,false
2,625,0,0,0,0,0,0,0,0,0,0,0,0,0,0,0,0.0,0.0,0.0,0.0,0.00,0.00,0.00,0.00,0,0,0,0,17,BRE,true
2,626,0,0,0,0,0,0,0,0,0,0,0,0,0,0,0,0.0,0.0,0.0,0.0,0.00,0.00,0.00,0.00,0,0,0,0,19,SUN,false
3,1,90,1,3,0,0,0,1,0,0,0,0,0,4,0,15,28.8,0.0,0.0,2.9,0.00,0.01,0.01,0.39,0,2,0,11,29,CHE,true
3,2,0,0,0,0,0,0,0,0,0,0,0,0,0,0,0,0.0,0.0,0.0,0.0,0.00,0.00,0.00,0.00,0,0,0,0,29,CHE,true
3,3,0,0,0,0,0,0,0,0,0,0,0,0,0,0,0,0.0,0.0,0.0,0.0,0.00,0.00,0.00,0.00,0,0,0,0,29,CHE,true
3,4,90,1,2,0,0,0,1,0,0,0,0,0,0,0,10,23.6,2.4,76.0,10.2,0.31,0.02,0.33,0.39,7,7,0,4,29,CHE,true
3,5,0,0,0,0,0,0,0,0,0,0,0,0,0,0,0,0.0,0.0,0.0,0.0,0.00,0.00,0.00,0.00,0,0,0,0,29,CHE,true
3,6,0,0,0,0,0,0,0,0,0,0,0,0,0,0,0,0.0,0.0,0.0,0.0,0.00,0.00,0.00,0.00,0,0,0,0,29,CHE,true
3,7,66,1,2,0,0,0,1,0,0,0,0,0,0,0,5,0.0,12.7,4.0,1.0,0.03,0.10,0.13,0.26,2,0,0,2,29,CHE,true
3,8,66,1,2,0,0,0,1,0,0,0,0,0,0,0,0,4.4,3.2,26.0,3.4,0.39,0.03,0.42,0.26,1,0,1,1,29,CHE,true
3,9,23,0,1,0,0,0,0,0,0,0,0,0,0,0,3,6.0,0.5,2.0,0.9,0.00,0.00,0.00,0.13,3,2,1,0,29,CHE,true
3,10,90,1,2,0,0,0,1,0,0,0,0,0,0,0,11,15.8,5.1,10.0,3.1,0.00,0.03,0.03,0.39,6,4,2,4,29,CHE,true
3,11,0,0,0,0,0,0,0,0,0,0,0,0,0,0,0,0.0,0.0,0.0,0.0,0.00,0.00,0.00,0.00,0,0,0,0,29,CHE,true
3,12,89,1,2,0,0,0,1,0,0,0,0,0,0,0,13,10.6,27.8,70.0,10.8,0.23,0.23,0.46,0.39,4,1,1,2,29,CHE,true
3,13,90,1,5,0,1,0,1,0,0,0,0,0,0,0,22,33.8,19.9,2.0,5.6,0.03,0.08,0.11,0.39,6,5,0,1,29,CHE,true
3,14,0,0,0,0,0,0,0,0,0,0,0,0,0,0,0,0.0,0.0,0.0,0.0,0.00,0.00,0.00,0.00,0,0,0,0,29,CHE,true
3,15,76,1,10,1,0,0,1,0,0,0,0,0,0,3,47,45.0,54.2,30.0,12.9,0.72,0.88,1.60,0.27,3,0,0,3,29,CHE,true
3,16,1,0,1,0,0,0,0,0,0,0,0,0,0,0,3,2.2,0.8,0.0,0.3,0.00,0.01,0.01,0.00,1,0,1,0,29,CHE,true
3,17,13,0,0,0,0,0,0,0,0,0,1,0,0,0,0,0.0,1.1,0.0,0.1,0.00,0.00,0.00,0.11,0,0,0,0,29,CHE,true
3,18,0,0,0,0,0,0,0,0,0,0,0,0,0,0,0,0.0,0.0,0.0,0.0,0.00,0.00,0.00,0.00,0,0,0,0,29,CHE,true
3,19,23,0,1,0,0,0,0,0,0,0,0,0,0,0,1,1.4,0.8,11.0,1.3,0.08,0.02,0.10,0.13,4,4,0,0,29,CHE,true
3,20,0,0,0,0,0,0,0,0,0,0,0,0,0,0,0,0.0,0.0,0.0,0.0,0.00,0.00,0.00,0.00,0,0,0,0,29,CHE,true
3,21,0,0,0,0,0,0,0,0,0,0,0,0,0,0,0,0.0,0.0,0.0,0.0,0.00,0.00,0.00,0.00,0,0,0,0,30,MUN,true
3,22,0,0,0,0,0,0,0,0,0,0,0,0,0,0,0,0.0,0.0,0.0,0.0,0.00,0.00,0.00,0.00,0,0,0,0,29,CHE,true
3,23,0,0,0,0,0,0,0,0,0,0,0,0,0,0,0,0.0,0.0,0.0,0.0,0.00,0.00,0.00,0.00,0,0,0,0,29,CHE,true
3,24,0,0,0,0,0,0,0,0,0,0,0,0,0,0,0,0.0,0.0,0.0,0.0,0.00,0.00,0.00,0.00,0,0,0,0,29,CHE,true
3,25,12,0,1,0,0,0,0,0,0,0,0,0,0,0,2,0.0,0.1,0.0,0.0,0.00,0.00,0.00,0.11,1,0,0,1,29,CHE,true
3,26,77,1,8,1,0,0,1,0,0,0,0,0,0,2,38,43.0,37.0,57.0,13.7,0.27,0.27,0.54,0.27,1,1,0,0,29,CHE,true
3,27,0,0,0,0,0,0,0,0,0,0,0,0,0,0,0,0.0,0.0,0.0,0.0,0.00,0.00,0.00,0.00,0,0,0,0,29,CHE,true
3,28,90,1,3,0,0,0,2,0,0,0,0,0,8,0,26,63.2,0.0,0.0,6.3,0.00,0.00,0.00,2.05,0,0,0,8,29,ARS,false
3,29,0,0,0,0,0,0,0,0,0,0,0,0,0,0,0,0.0,0.0,0.0,0.0,0.00,0.00,0.00,0.00,0,0,0,0,25,HUL,false
3,30,0,0,0,0,0,0,0,0,0,0,0,0,0,0,0,0.0,0.0,0.0,0.0,0.00,0.00,0.00,0.00,0,0,0,0,25,HUL,false
3,31,90,1,4,0,0,0,1,0,0,0,0,0,0,0,15,19.4,1.4,4.0,2.5,0.00,0.01,0.01,0.39,10,7,3,5,29,CHE,true
3,32,84,1,6,0,0,1,0,0,0,0,0,0,0,0,23,6.4,16.3,6.0,2.9,0.00,0.03,0.03,0.22,1,1,0,1,25,HUL,false
3,33,90,1,6,0,0,1,0,0,0,0,0,0,0,0,28,14.8,4.4,13.0,3.2,0.11,0.02,0.13,0.57,5,4,1,2,25,HUL,false
3,34,0,0,0,0,0,0,0,0,0,0,0,0,0,0,0,0.0,0.0,0.0,0.0,0.00,0.00,0.00,0.00,0,0,0,0,25,HUL,false
3,35,0,0,0,0,0,0,0,0,0,0,0,0,0,0,0,0.0,0.0,0.0,0.0,0.00,0.00,0.00,0.00,0,0,0,0,25,HUL,false
3,36,74,1,7,0,0,1,0,0,0,0,0,0,0,1,29,10.6,19.8,4.0,3.4,0.00,0.42,0.42,0.22,3,2,1,0,25,HUL,false
3,37,90,1,6,0,0,1,0,0,0,0,0,0,0,0,28,22.4,24.9,2.0,4.9,0.00,0.08,0.08,0.57,4,4,0,3,25,HUL,false
3,38,0,0,0,0,0,0,0,0,0,0,0,0,0,0,0,0.0,0.0,0.0,0.0,0.00,0.00,0.00,0.00,0,0,0,0,25,HUL,false
3,39,0,0,0,0,0,0,0,0,0,0,0,0,0,0,0,0.0,0.0,0.0,0.0,0.00,0.00,0.00,0.00,0,0,0,0,25,HUL,false
3,40,86,1,6,1,0,0,2,0,0,0,1,0,0,0,22,30.2,13.6,16.0,6.0,0.08,0.03,0.11,2.05,5,0,0,5,29,ARS,false
3,41,74,1,3,0,0,1,0,0,0,0,0,0,0,0,2,0.0,10.8,7.0,1.4,0.61,0.05,0.66,0.22,2,0,0,2,25,HUL,false
3,42,0,0,0,0,0,0,0,0,0,0,0,0,0,0,0,0.0,0.0,0.0,0.0,0.00,0.00,0.00,0.00,0,0,0,0,24,FUL,false
3,43,90,1,2,0,0,0,2,0,0,0,0,0,0,0,17,18.6,18.9,9.0,4.7,0.05,0.06,0.11,1.01,7,2,0,5,30,EVE,false
3,44,0,0,0,0,0,0,0,0,0,0,0,0,0,0,0,0.0,0.0,0.0,0.0,0.00,0.00,0.00,0.00,0,0,0,0,25,HUL,false
3,45,90,1,3,0,0,1,0,0,0,0,0,0,0,0,6,1.4,5.6,4.0,1.1,0.68,0.03,0.71,0.57,5,1,2,2,25,HUL,false
3,46,90,1,3,0,0,1,0,0,0,0,0,0,0,0,15,13.6,34.1,15.0,6.3,0.22,0.09,0.31,0.57,6,2,0,4,25,HUL,false
3,47,90,1,3,0,0,1,0,0,0,0,0,0,0,0,20,13.6,26.2,0.0,4.0,0.00,0.07,0.07,0.57,10,3,1,6,25,HUL,false
3,48,0,0,0,0,0,0,0,0,0,0,0,0,0,0,0,0.0,0.0,0.0,0.0,0.00,0.00,0.00,0.00,0,0,0,0,25,HUL,false
3,49,0,0,0,0,0,0,0,0,0,0,0,0,0,0,0,0.0,0.0,0.0,0.0,0.00,0.00,0.00,0.00,0,0,0,0,25,HUL,false
3,50,0,0,0,0,0,0,0,0,0,0,0,0,0,0,0,0.0,0.0,0.0,0.0,0.00,0.00,0.00,0.00,0,0,0,0,25,HUL,false
3,51,74,1,3,0,0,1,0,0,0,0,0,0,0,0,12,10.8,13.5,21.0,4.5,0.07,0.14,0.21,0.22,7,2,1,4,25,HUL,false
3,52,15,0,1,0,0,0,0,0,0,0,0,0,0,0,3,0.2,1.8,0.0,0.2,0.00,0.00,0.00,0.35,1,0,0,1,25,HUL,false
3,53,0,0,0,0,0,0,0,0,0,0,0,0,0,0,0,0.0,0.0,0.0,0.0,0.00,0.00,0.00,0.00,0,0,0,0,25,HUL,false
3,54,0,0,0,0,0,0,0,0,0,0,0,0,0,0,0,0.0,0.0,0.0,0.0,0.00,0.00,0.00,0.00,0,0,0,0,25,HUL,false
3,55,0,0,0,0,0,0,0,0,0,0,0,0,0,0,0,0.0,0.0,0.0,0.0,0.00,0.00,0.00,0.00,0,0,0,0,25,HUL,false
3,56,5,0,1,0,0,0,0,0,0,0,0,0,0,0,3,2.0,1.0,0.0,0.3,0.00,0.00,0.00,0.35,1,0,1,0,25,HUL,false
3,57,90,1,1,0,0,0,2,0,0,0,0,0,0,0,0,3.4,0.0,0.0,0.3,0.00,0.00,0.00,0.71,0,1,0,8,27,NEW,false
3,58,0,0,0,0,0,0,0,0,0,0,0,0,0,0,0,0.0,0.0,0.0,0.0,0.00,0.00,0.00,0.00,0,0,0,0,27,NEW,false
3,59,0,0,0,0,0,0,0,0,0,0,0,0,0,0,0,0.0,0.0,0.0,0.0,0.00,0.00,0.00,0.00,0,0,0,0,27,NEW,false
3,60,90,1,1,0,0,0,2,0,0,0,0,0,0,0,4,16.8,31.5,2.0,5.0,0.00,0.02,0.02,0.71,6,6,0,1,27,NEW,false
3,61,90,1,0,0,0,0,2,0,0,0,1,0,0,0,-3,10.2,15.7,2.0,2.8,0.01,0.06,0.07,0.71,6,3,3,5,27,NEW,false
3,62,0,0,0,0,0,0,0,0,0,0,0,0,0,0,0,0.0,0.0,0.0,0.0,0.00,0.00,0.00,0.00,0,0,0,0,27,NEW,false
3,63,0,0,0,0,0,0,0,0,0,0,0,0,0,0,0,0.0,0.0,0.0,0.0,0.00,0.00,0.00,0.00,0,0,0,0,27,NEW,false
3,64,90,1,0,0,0,0,2,0,0,0,1,0,0,0,3,9.6,25.3,4.0,3.9,0.01,0.04,0.05,0.71,4,3,1,6,27,NEW,false
3,65,0,0,0,0,0,0,0,0,0,0,0,0,0,0,0,0.0,0.0,0.0,0.0,0.00,0.00,0.00,0.00,0,0,0,0,27,NEW,false
3,66,0,0,0,0,0,0,0,0,0,0,0,0,0,0,0,0.0,0.0,0.0,0.0,0.00,0.00,0.00,0.00,0,0,0,0,27,NEW,false
3,67,88,1,2,0,0,0,2,0,0,0,0,0,0,0,8,1.6,0.9,10.0,1.3,0.04,0.01,0.05,0.66,2,1,1,0,27,NEW,false
3,68,88,1,10,1,0,0,2,0,0,0,0,0,0,3,43,46.6,13.2,77.0,13.7,1.01,0.05,1.06,0.66,9,0,1,8,27,NEW,false
3,69,90,1,10,0,2,0,2,0,0,0,0,0,0,2,37,13.4,22.9,12.0,4.8,0.07,0.02,0.09,0.71,11,5,0,6,27,NEW,false
3,70,75,1,1,0,0,0,1,0,0,0,1,0,0,0,6,0.0,2.0,3.0,0.2,0.06,0.01,0.07,0.48,4,0,1,3,27,NEW,false
3,71,14,0,1,0,0,0,1,0,0,0,0,0,0,0,2,0.0,0.3,0.0,0.0,0.00,0.00,0.00,0.23,1,1,0,0,27,NEW,false
3,72,1,0,1,0,0,0,0,0,0,0,0,0,0,0,3,2.0,0.5,5.0,0.8,0.02,0.00,0.02,0.05,2,0,1,1,27,NEW,false
3,73,75,1,4,0,0,0,1,0,0,0,0,0,0,0,15,12.2,11.5,0.0,2.4,0.00,0.01,0.01,0.48,12,1,3,8,27,NEW,false
3,74,14,0,1,0,0,0,1,0,0,0,0,0,0,0,2,0.0,0.0,0.0,0.0,0.00,0.00,0.00,0.23,0,0,0,0,27,NEW,false
3,75,1,0,1,0,0,0,0,0,0,0,0,0,0,0,3,0.0,0.0,0.0,0.0,0.00,0.00,0.00,0.00,0,0,0,0,27,NEW,false
3,76,0,0,0,0,0,0,0,0,0,0,0,0,0,0,0,0.0,0.0,0.0,0.0,0.00,0.00,0.00,0.00,0,0,0,0,27,NEW,false
3,77,0,0,0,0,0,0,0,0,0,0,0,0,0,0,0,0.0,0.0,0.0,0.0,0.00,0.00,0.00,0.00,0,0,0,0,27,NEW,false
3,78,0,0,0,0,0,0,0,0,0,0,0,0,0,0,0,0.0,0.0,0.0,0.0,0.00,0.00,0.00,0.00,0,0,0,0,27,NEW,false
3,79,90,1,2,0,0,0,2,0,0,0,0,0,0,0,4,3.2,5.1,21.0,2.9,0.13,0.01,0.14,0.71,7,4,0,3,27,NEW,false
3,80,0,0,0,0,0,0,0,0,0,0,0,0,0,0,0,0.0,0.0,0.0,0.0,0.00,0.00,0.00,0.00,0,0,0,0,27,NEW,false
3,81,0,0,0,0,0,0,0,0,0,0,0,0,0,0,0,0.0,0.0,0.0,0.0,0.00,0.00,0.00,0.00,0,0,0,0,27,NEW,false
3,82,90,1,2,0,0,0,1,0,0,0,0,0,2,0,10,16.8,0.0,0.0,1.7,0.00,0.00,0.00,1.71,0,2,0,6,22,SUN,true
3,83,0,0,0,0,0,0,0,0,0,0,0,0,0,0,0,0.0,0.0,0.0,0.0,0.00,0.00,0.00,0.00,0,0,0,0,22,SUN,true
3,84,16,1,1,0,0,0,0,0,0,0,0,0,0,0,4,1.0,0.0,0.0,0.1,0.00,0.00,0.00,0.10,1,1,0,0,22,SUN,true
3,85,0,0,0,0,0,0,0,0,0,0,0,0,0,0,0,0.0,0.0,0.0,0.0,0.00,0.00,0.00,0.00,0,0,0,0,22,SUN,true
3,86,90,1,2,0,0,0,1,0,0,0,0,0,0,0,4,8.2,45.1,22.0,7.5,0.24,0.40,0.64,1.71,6,4,1,1,22,SUN,true
3,87,90,1,2,0,0,0,1,0,0,0,0,0,0,0,8,11.8,0.3,0.0,1.2,0.00,0.00,0.00,1.71,5,5,0,2,22,SUN,true
3,88,45,1,1,0,0,0,0,0,0,0,0,0,0,0,2,7.6,0.3,2.0,1.0,0.03,0.00,0.03,0.35,5,5,0,2,22,SUN,true
3,89,0,0,0,0,0,0,0,0,0,0,0,0,0,0,0,0.0,0.0,0.0,0.0,0.00,0.00,0.00,0.00,0,0,0,0,22,SUN,true
3,90,45,0,1,0,0,0,1,0,0,0,0,0,0,0,0,7.6,1.0,0.0,0.9,0.00,0.00,0.00,1.36,5,4,1,2,22,SUN,true
3,91,90,1,3,0,0,0,1,0,0,0,1,0,0,0,3,18.2,0.0,6.0,2.4,0.11,0.00,0.11,2.12,13,12,1,2,26,MCI,false
3,92,0,0,0,0,0,0,0,0,0,0,0,0,0,0,0,0.0,0.0,0.0,0.0,0.00,0.00,0.00,0.00,0,0,0,0,22,SUN,true
3,93,73,0,4,0,0,0,1,0,0,0,0,0,0,0,11,17.2,0.2,4.0,2.1,0.10,0.01,0.11,1.61,10,10,0,0,22,SUN,true
3,94,90,1,2,0,0,0,1,0,0,0,0,0,0,0,11,4.0,13.3,8.0,2.5,0.00,0.17,0.17,1.71,5,0,0,5,22,SUN,true
3,95,45,1,1,0,0,0,0,0,0,0,0,0,0,0,6,6.8,11.3,0.0,1.8,0.00,0.01,0.01,0.35,11,3,1,7,22,SUN,true
3,96,85,1,8,0,1,0,1,0,0,0,0,0,0,3,30,10.0,28.5,6.0,4.5,0.00,0.21,0.21,1.63,4,1,0,3,22,SUN,true
3,97,0,0,0,0,0,0,0,0,0,0,0,0,0,0,0,0.0,0.0,0.0,0.0,0.00,0.00,0.00,0.00,0,0,0,0,22,SUN,true
3,98,90,1,11,1,0,0,1,0,0,0,1,0,0,3,30,48.0,3.1,17.0,6.8,0.11,0.01,0.12,1.71,12,3,4,5,22,SUN,true
3,99,0,0,0,0,0,0,0,0,0,0,0,0,0,0,0,0.0,0.0,0.0,0.0,0.00,0.00,0.00,0.00,0,0,0,0,22,SUN,true
3,100,0,0,0,0,0,0,0,0,0,0,0,0,0,0,0,0.0,0.0,0.0,0.0,0.00,0.00,0.00,0.00,0,0,0,0,22,SUN,true
3,101,0,0,0,0,0,0,0,0,0,0,0,0,0,0,0,0.0,0.0,0.0,0.0,0.00,0.00,0.00,0.00,0,0,0,0,29,ARS,false
3,102,45,0,0,0,0,0,1,0,0,0,1,0,0,0,1,2.4,3.4,2.0,0.8,0.03,0.02,0.05,1.36,5,1,1,3,22,SUN,true
3,103,0,0,0,0,0,0,0,0,0,0,0,0,0,0,0,0.0,0.0,0.0,0.0,0.00,0.00,0.00,0.00,0,0,0,0,22,SUN,true
3,104,62,1,2,0,0,0,1,0,0,0,0,0,0,0,5,0.4,0.4,0.0,0.1,0.00,0.00,0.00,1.17,3,0,1,2,26,MCI,false
3,105,45,0,1,0,0,0,1,0,0,0,0,0,0,0,3,0.0,2.2,3.0,0.4,0.05,0.01,0.06,1.36,4,0,0,4,22,SUN,true
3,106,90,1,2,0,0,0,1,0,0,0,0,0,0,0,9,16.0,1.4,43.0,6.0,0.50,0.01,0.51,1.71,6,3,1,2,22,SUN,true
3,107,0,0,0,0,0,0,0,0,0,0,0,0,0,0,0,0.0,0.0,0.0,0.0,0.00,0.00,0.00,0.00,0,0,0,0,22,SUN,true
3,108,4,0,1,0,0,0,0,0,0,0,0,0,0,0,2,1.0,0.0,0.0,0.1,0.00,0.00,0.00,0.08,1,1,0,0,22,SUN,true
3,109,90,1,3,0,0,0,1,0,0,0,0,0,3,0,17,29.2,3.0,0.0,3.2,0.00,0.20,0.20,2.49,0,0,0,5,23,LEE,true
3,110,90,1,2,0,0,0,1,0,0,0,0,0,2,0,13,18.8,0.0,0.0,1.9,0.00,0.00,0.00,2.12,0,1,0,9,26,MCI,false
3,111,0,0,0,0,0,0,0,0,0,0,0,0,0,0,0,0.0,0.0,0.0,0.0,0.00,0.00,0.00,0.00,0,0,0,0,23,LEE,true
3,112,90,1,8,0,0,1,0,0,0,0,0,0,0,2,29,16.6,12.8,11.0,4.0,0.09,0.01,0.10,0.92,4,3,1,4,28,NFO,false
3,113,77,1,2,0,0,0,1,0,0,0,0,0,0,0,8,12.6,12.5,19.0,4.4,0.06,0.01,0.07,2.40,5,4,1,2,23,LEE,true
3,114,90,1,2,0,0,0,1,0,0,0,0,0,0,0,17,20.6,62.3,0.0,8.3,0.00,0.33,0.33,2.49,4,4,0,4,23,LEE,true
3,115,76,1,4,0,1,0,1,0,0,0,1,0,0,0,17,19.6,22.1,2.0,4.4,0.00,0.14,0.14,2.40,2,1,1,4,23,LEE,true
3,116,90,1,5,0,0,0,1,0,0,0,0,0,0,1,20,30.8,1.9,4.0,3.7,0.00,0.01,0.01,2.49,12,12,0,5,23,LEE,true
3,117,0,0,0,0,0,0,0,0,0,0,0,0,0,0,0,0.0,0.0,0.0,0.0,0.00,0.00,0.00,0.00,0,0,0,0,23,LEE,true
3,118,0,0,0,0,0,0,0,0,0,0,0,0,0,0,0,0.0,0.0,0.0,0.0,0.00,0.00,0.00,0.00,0,0,0,0,23,LEE,true
3,119,12,0,1,0,0,0,0,0,0,0,0,0,0,0,7,5.8,14.5,0.0,2.0,0.00,0.16,0.16,0.10,1,1,0,0,23,LEE,true
3,120,0,0,0,0,0,0,0,0,0,0,0,0,0,0,0,0.0,0.0,0.0,0.0,0.00,0.00,0.00,0.00,0,0,0,0,23,LEE,true
3,121,0,0,0,0,0,0,0,0,0,0,0,0,0,0,0,0.0,0.0,0.0,0.0,0.00,0.00,0.00,0.00,0,0,0,0,23,LEE,true
3,122,0,0,0,0,0,0,0,0,0,0,0,0,0,0,0,0.0,0.0,0.0,0.0,0.00,0.00,0.00,0.00,0,0,0,0,23,LEE,true
3,123,0,0,0,0,0,0,0,0,0,0,0,0,0,0,0,0.0,0.0,0.0,0.0,0.00,0.00,0.00,0.00,0,0,0,0,23,LEE,true
3,124,90,1,1,0,0,0,1,0,0,0,1,0,0,0,-1,0.0,16.5,19.0,3.2,0.79,0.04,0.83,2.49,4,2,0,2,23,LEE,true
3,125,0,0,0,0,0,0,0,0,0,0,0,0,0,0,0,0.0,0.0,0.0,0.0,0.00,0.00,0.00,0.00,0,0,0,0,23,LEE,true
3,126,0,0,0,0,0,0,0,0,0,0,0,0,0,0,0,0.0,0.0,0.0,0.0,0.00,0.00,0.00,0.00,0,0,0,0,23,LEE,true
3,127,90,1,2,0,0,0,1,0,0,0,0,0,0,0,13,15.2,26.4,30.0,7.2,0.09,0.05,0.14,2.49,9,2,3,4,23,LEE,true
3,128,0,0,0,0,0,0,0,0,0,0,0,0,0,0,0,0.0,0.0,0.0,0.0,0.00,0.00,0.00,0.00,0,0,0,0,23,LEE,true
3,129,90,1,2,0,0,0,1,0,0,0,0,0,0,0,18,11.4,14.8,18.0,4.4,0.17,0.04,0.21,2.49,3,1,0,2,23,LEE,true
3,130,0,0,0,0,0,0,0,0,0,0,0,0,0,0,0,0.0,0.0,0.0,0.0,0.00,0.00,0.00,0.00,0,0,0,0,23,LEE,true
3,131,0,0,0,0,0,0,0,0,0,0,0,0,0,0,0,0.0,0.0,0.0,0.0,0.00,0.00,0.00,0.00,0,0,0,0,30,EVE,false
3,132,0,0,0,0,0,0,0,0,0,0,0,0,0,0,0,0.0,0.0,0.0,0.0,0.00,0.00,0.00,0.00,0,0,0,0,23,LEE,true
3,133,0,0,0,0,0,0,0,0,0,0,0,0,0,0,0,0.0,0.0,0.0,0.0,0.00,0.00,0.00,0.00,0,0,0,0,23,LEE,true
3,134,0,0,0,0,0,0,0,0,0,0,0,0,0,0,0,0.0,0.0,0.0,0.0,0.00,0.00,0.00,0.00,0,0,0,0,23,LEE,true
3,135,0,0,0,0,0,0,0,0,0,0,0,0,0,0,0,0.0,0.0,0.0,0.0,0.00,0.00,0.00,0.00,0,0,0,0,23,LEE,true
3,136,3,0,1,0,0,0,0,0,0,0,0,0,0,0,3,0.0,0.3,2.0,0.2,0.00,0.00,0.00,0.00,0,0,0,0,29,ARS,false
3,137,0,0,0,0,0,0,0,0,0,0,0,0,0,0,0,0.0,0.0,0.0,0.0,0.00,0.00,0.00,0.00,0,0,0,0,23,LEE,true
3,138,90,1,2,0,0,0,1,0,0,0,0,0,0,0,9,9.6,5.3,24.0,3.9,0.43,0.02,0.45,2.49,8,3,1,4,23,LEE,true
3,139,0,0,0,0,0,0,0,0,0,0,0,0,0,0,0,0.0,0.0,0.0,0.0,0.00,0.00,0.00,0.00,0,0,0,0,23,LEE,true
3,140,0,0,0,0,0,0,0,0,0,0,0,0,0,0,0,0.0,0.0,0.0,0.0,0.00,0.00,0.00,0.00,0,0,0,0,29,ARS,false
3,141,0,0,0,0,0,0,0,0,0,0,0,0,0,0,0,0.0,0.0,0.0,0.0,0.00,0.00,0.00,0.00,0,0,0,0,29,ARS,false
3,142,90,1,1,0,0,0,2,0,0,0,0,0,0,0,9,12.6,15.0,13.0,4.1,0.07,0.05,0.12,2.05,3,3,0,6,29,ARS,false
3,143,0,0,0,0,0,0,0,0,0,0,0,0,0,0,0,0.0,0.0,0.0,0.0,0.00,0.00,0.00,0.00,0,0,0,0,29,ARS,false
3,144,30,0,1,0,0,0,0,0,0,0,0,0,0,0,4,3.0,3.4,1.0,0.7,0.04,0.01,0.05,0.14,2,0,2,2,29,ARS,false
3,145,90,1,3,0,0,0,2,0,0,0,0,0,0,0,16,39.8,22.8,0.0,6.3,0.00,0.04,0.04,2.05,17,14,3,3,29,ARS,false
3,146,0,0,0,0,0,0,0,0,0,0,0,0,0,0,0,0.0,0.0,0.0,0.0,0.00,0.00,0.00,0.00,0,0,0,0,29,ARS,false
3,147,0,0,0,0,0,0,0,0,0,0,0,0,0,0,0,0.0,0.0,0.0,0.0,0.00,0.00,0.00,0.00,0,0,0,0,28,NFO,false
3,148,59,1,3,0,1,0,2,0,0,0,0,0,0,0,5,34.8,11.2,2.0,4.8,0.00,0.02,0.02,1.91,6,4,2,2,29,ARS,false
3,149,0,0,0,0,0,0,0,0,0,0,0,0,0,0,0,0.0,0.0,0.0,0.0,0.00,0.00,0.00,0.00,0,0,0,0,29,ARS,false
3,150,0,0,0,0,0,0,0,0,0,0,0,0,0,0,0,0.0,0.0,0.0,0.0,0.00,0.00,0.00,0.00,0,0,0,0,29,ARS,false
3,151,90,1,1,0,0,0,2,0,0,0,0,0,0,0,-3,2.2,1.8,4.0,0.8,0.00,0.01,0.01,2.05,1,1,0,1,29,ARS,false
3,152,0,0,0,0,0,0,0,0,0,0,0,0,0,0,0,0.0,0.0,0.0,0.0,0.00,0.00,0.00,0.00,0,0,0,0,29,ARS,false
3,153,90,1,3,0,0,0,2,0,0,0,0,0,0,0,14,31.4,13.3,2.0,4.7,0.00,0.04,0.04,3.14,13,9,4,8,24,FUL,false
3,154,90,1,1,0,0,0,2,0,0,0,1,0,0,0,11,7.0,15.8,32.0,5.5,0.11,0.04,0.15,2.05,3,0,0,3,29,ARS,false
3,155,75,1,3,0,0,1,0,0,0,0,0,0,0,0,17,10.2,18.9,18.0,4.7,0.13,0.12,0.25,1.00,3,1,1,1,26,COV,true
3,156,80,1,2,0,0,0,2,0,0,0,0,0,0,0,10,6.2,23.8,14.0,4.4,0.03,0.03,0.06,2.05,7,2,1,4,29,ARS,false
3,157,9,0,1,0,0,0,0,0,0,0,0,0,0,0,5,3.2,0.4,17.0,2.1,0.04,0.00,0.04,0.00,0,0,0,0,29,ARS,false
3,158,0,0,0,0,0,0,0,0,0,0,0,0,0,0,0,0.0,0.0,0.0,0.0,0.00,0.00,0.00,0.00,0,0,0,0,29,ARS,false
3,159,0,0,0,0,0,0,0,0,0,0,0,0,0,0,0,0.0,0.0,0.0,0.0,0.00,0.00,0.00,0.00,0,0,0,0,29,ARS,false
3,160,15,0,1,0,0,0,0,0,0,0,0,0,0,0,4,1.0,1.6,0.0,0.3,0.00,0.00,0.00,0.35,0,0,0,0,25,HUL,false
3,161,59,1,1,0,0,0,2,0,0,0,0,0,0,0,7,5.8,1.5,0.0,0.7,0.00,0.01,0.01,1.91,6,2,1,3,29,ARS,false
3,162,6,0,1,0,0,0,1,0,0,0,0,0,0,0,4,7.2,0.6,6.0,1.4,0.00,0.01,0.01,0.09,4,4,0,0,30,EVE,false
3,163,0,0,0,0,0,0,0,0,0,0,0,0,0,0,0,0.0,0.0,0.0,0.0,0.00,0.00,0.00,0.00,0,0,0,0,29,ARS,false
3,164,0,0,0,0,0,0,0,0,0,0,0,0,0,0,0,0.0,0.0,0.0,0.0,0.00,0.00,0.00,0.00,0,0,0,0,29,ARS,false
3,165,90,1,1,0,0,0,2,0,0,0,1,0,0,0,8,0.0,28.8,9.0,3.7,0.02,0.05,0.07,2.05,1,0,0,1,29,ARS,false
3,166,84,1,2,0,0,1,0,0,0,0,0,0,0,0,10,1.2,17.5,20.0,3.9,0.24,0.44,0.68,0.22,2,0,0,2,25,HUL,false
3,167,73,1,2,0,0,1,0,0,0,0,0,0,0,0,6,2.4,20.8,5.0,2.8,0.06,0.06,0.12,0.89,5,2,0,3,28,TOT,true
3,168,0,0,0,0,0,0,0,0,0,0,0,0,0,0,0,0.0,0.0,0.0,0.0,0.00,0.00,0.00,0.00,0,0,0,0,29,ARS,false
3,169,0,0,0,0,0,0,0,0,0,0,0,0,0,0,0,0.0,0.0,0.0,0.0,0.00,0.00,0.00,0.00,0,0,0,0,29,ARS,false
3,170,0,0,0,0,0,0,0,0,0,0,0,0,0,0,0,0.0,0.0,0.0,0.0,0.00,0.00,0.00,0.00,0,0,0,0,29,ARS,false
3,171,0,0,0,0,0,0,0,0,0,0,0,0,0,0,0,0.0,0.0,0.0,0.0,0.00,0.00,0.00,0.00,0,0,0,0,26,MCI,false
3,172,0,0,0,0,0,0,0,0,0,0,0,0,0,0,0,0.0,0.0,0.0,0.0,0.00,0.00,0.00,0.00,0,0,0,0,26,MCI,false
3,173,90,1,4,0,0,0,1,0,0,0,0,0,0,0,19,20.6,20.8,24.0,6.5,0.22,0.17,0.39,2.12,12,11,1,3,26,MCI,false
3,174,0,0,0,0,0,0,0,0,0,0,0,0,0,0,0,0.0,0.0,0.0,0.0,0.00,0.00,0.00,0.00,0,0,0,0,26,MCI,false
3,175,90,1,3,0,0,0,1,0,0,0,1,0,0,0,5,16.8,5.2,2.0,2.4,0.00,0.06,0.06,2.12,11,8,3,4,26,MCI,false
3,176,84,1,2,0,0,0,1,0,0,0,0,0,0,0,10,21.8,14.9,0.0,3.7,0.00,0.08,0.08,2.12,7,5,2,3,26,MCI,false
3,177,0,0,0,0,0,0,0,0,0,0,0,0,0,0,0,0.0,0.0,0.0,0.0,0.00,0.00,0.00,0.00,0,0,0,0,26,MCI,false
3,178,0,0,0,0,0,0,0,0,0,0,0,0,0,0,0,0.0,0.0,0.0,0.0,0.00,0.00,0.00,0.00,0,0,0,0,26,MCI,false
3,179,0,0,0,0,0,0,0,0,0,0,0,0,0,0,0,0.0,0.0,0.0,0.0,0.00,0.00,0.00,0.00,0,0,0,0,26,MCI,false
3,180,0,0,0,0,0,0,0,0,0,0,0,0,0,0,0,0.0,0.0,0.0,0.0,0.00,0.00,0.00,0.00,0,0,0,0,26,MCI,false
3,181,0,0,0,0,0,0,0,0,0,0,0,0,0,0,0,0.0,0.0,0.0,0.0,0.00,0.00,0.00,0.00,0,0,0,0,26,MCI,false
3,182,90,1,2,0,0,0,1,0,0,0,0,0,0,0,4,4.4,1.3,6.0,1.2,0.00,0.34,0.34,2.12,3,2,1,6,26,MCI,false
3,183,62,1,2,0,0,0,1,0,0,0,0,0,0,0,9,14.4,28.5,33.0,7.6,0.29,0.09,0.38,1.17,5,2,1,2,26,MCI,false
3,184,90,1,2,0,0,0,1,0,0,0,0,0,0,0,8,18.6,2.3,1.0,2.2,0.04,0.00,0.04,2.12,8,3,5,0,26,MCI,false
3,185,0,0,0,0,0,0,0,0,0,0,0,0,0,0,0,0.0,0.0,0.0,0.0,0.00,0.00,0.00,0.00,0,0,0,0,26,MCI,false
3,186,70,1,2,0,0,0,1,0,0,0,0,0,0,0,4,0.0,0.8,2.0,0.1,0.00,0.00,0.00,1.17,5,2,0,3,26,MCI,false
3,187,0,0,0,0,0,0,0,0,0,0,0,0,0,0,0,0.0,0.0,0.0,0.0,0.00,0.00,0.00,0.00,0,0,0,0,26,MCI,false
3,188,0,0,0,0,0,0,0,0,0,0,0,0,0,0,0,0.0,0.0,0.0,0.0,0.00,0.00,0.00,0.00,0,0,0,0,26,MCI,false
3,189,0,0,0,0,0,0,0,0,0,0,0,0,0,0,0,0.0,0.0,0.0,0.0,0.00,0.00,0.00,0.00,0,0,0,0,26,MCI,false
3,190,27,0,1,0,0,0,0,0,0,0,0,0,0,0,9,8.2,24.8,21.0,5.4,0.10,0.03,0.13,0.95,1,0,0,1,26,MCI,false
3,191,0,0,0,0,0,0,0,0,0,0,0,0,0,0,0,0.0,0.0,0.0,0.0,0.00,0.00,0.00,0.00,0,0,0,0,26,MCI,false
3,192,0,0,0,0,0,0,0,0,0,0,0,0,0,0,0,0.0,0.0,0.0,0.0,0.00,0.00,0.00,0.00,0,0,0,0,26,MCI,false
3,193,0,0,0,0,0,0,0,0,0,0,0,0,0,0,0,0.0,0.0,0.0,0.0,0.00,0.00,0.00,0.00,0,0,0,0,26,MCI,false
3,194,19,0,1,0,0,0,0,0,0,0,0,0,0,0,6,2.2,0.3,2.0,0.5,0.00,0.00,0.00,0.95,3,1,0,2,26,MCI,false
3,195,19,0,1,0,0,0,0,0,0,0,0,0,0,0,3,5.0,10.0,35.0,5.0,0.30,0.00,0.30,0.95,0,0,0,0,26,MCI,false
3,196,0,0,0,0,0,0,0,0,0,0,0,0,0,0,0,0.0,0.0,0.0,0.0,0.00,0.00,0.00,0.00,0,0,0,0,26,MCI,false
3,197,0,0,0,0,0,0,0,0,0,0,0,0,0,0,0,0.0,0.0,0.0,0.0,0.00,0.00,0.00,0.00,0,0,0,0,26,MCI,false
3,198,90,1,2,0,0,0,2,0,0,0,0,0,5,0,19,38.4,0.0,0.0,3.8,0.00,0.00,0.00,3.14,0,1,0,7,24,FUL,false
3,199,0,0,0,0,0,0,0,0,0,0,0,0,0,0,0,0.0,0.0,0.0,0.0,0.00,0.00,0.00,0.00,0,0,0,0,24,FUL,false
3,200,90,1,2,0,0,0,2,0,0,0,1,0,0,0,3,26.0,1.3,2.0,2.9,0.00,0.01,0.01,2.05,11,9,2,2,29,ARS,false
3,201,31,0,1,0,0,0,0,0,0,0,0,0,0,0,5,2.4,0.8,4.0,0.7,0.03,0.00,0.03,0.26,1,0,1,0,28,TOT,true
3,202,90,1,1,0,0,0,2,0,0,0,0,0,0,0,8,28.8,0.5,7.0,3.6,0.04,0.00,0.04,3.14,9,8,1,4,24,FUL,false
3,203,90,1,1,0,0,0,2,0,0,0,0,0,0,0,4,13.0,1.9,0.0,1.5,0.00,0.00,0.00,3.14,9,7,2,2,24,FUL,false
3,204,73,1,15,2,0,0,2,0,0,0,0,0,0,2,31,78.0,10.7,47.0,13.6,0.66,0.01,0.67,2.57,6,4,2,2,24,FUL,false
3,205,0,0,0,0,0,0,0,0,0,0,0,0,0,0,0,0.0,0.0,0.0,0.0,0.00,0.00,0.00,0.00,0,0,0,0,24,FUL,false
3,206,0,0,0,0,0,0,0,0,0,0,0,0,0,0,0,0.0,0.0,0.0,0.0,0.00,0.00,0.00,0.00,0,0,0,0,24,FUL,false
3,207,1,0,1,0,0,0,0,0,0,0,0,0,0,0,4,1.0,0.3,0.0,0.1,0.00,0.00,0.00,0.13,1,0,1,1,24,FUL,false
3,208,0,0,0,0,0,0,0,0,0,0,0,0,0,0,0,0.0,0.0,0.0,0.0,0.00,0.00,0.00,0.00,0,0,0,0,24,FUL,false
3,209,65,1,1,0,0,0,1,0,0,0,1,0,0,0,3,6.6,22.9,9.0,3.9,0.05,0.04,0.09,0.37,8,3,1,4,30,MUN,true
3,210,90,1,2,0,0,0,2,0,0,0,0,0,0,0,10,14.8,2.8,2.0,2.0,0.00,0.01,0.01,3.14,8,7,1,0,24,FUL,false
3,211,88,1,5,0,1,0,2,0,0,0,0,0,0,0,25,8.0,42.6,6.0,5.7,0.25,0.30,0.55,3.01,5,1,1,3,24,FUL,false
3,212,16,0,1,0,0,0,0,0,0,0,0,0,0,0,3,2.4,0.3,0.0,0.3,0.00,0.00,0.00,0.57,3,2,0,1,24,FUL,false
3,213,0,0,0,0,0,0,0,0,0,0,0,0,0,0,0,0.0,0.0,0.0,0.0,0.00,0.00,0.00,0.00,0,0,0,0,24,FUL,false
3,214,88,1,5,0,1,0,2,0,0,0,0,0,0,0,21,19.6,23.2,6.0,4.9,0.00,0.01,0.01,3.01,4,0,0,4,24,FUL,false
3,215,0,0,0,0,0,0,0,0,0,0,0,0,0,0,0,0.0,0.0,0.0,0.0,0.00,0.00,0.00,0.00,0,0,0,0,24,FUL,false
3,216,0,0,0,0,0,0,0,0,0,0,0,0,0,0,0,0.0,0.0,0.0,0.0,0.00,0.00,0.00,0.00,0,0,0,0,24,FUL,false
3,217,0,0,0,0,0,0,0,0,0,0,0,0,0,0,0,0.0,0.0,0.0,0.0,0.00,0.00,0.00,0.00,0,0,0,0,24,FUL,false
3,218,0,0,0,0,0,0,0,0,0,0,0,0,0,0,0,0.0,0.0,0.0,0.0,0.00,0.00,0.00,0.00,0,0,0,0,24,FUL,false
3,219,0,0,0,0,0,0,0,0,0,0,0,0,0,0,0,0.0,0.0,0.0,0.0,0.00,0.00,0.00,0.00,0,0,0,0,24,FUL,false
3,220,0,0,0,0,0,0,0,0,0,0,0,0,0,0,0,0.0,0.0,0.0,0.0,0.00,0.00,0.00,0.00,0,0,0,0,24,FUL,false
3,221,0,0,0,0,0,0,0,0,0,0,0,0,0,0,0,0.0,0.0,0.0,0.0,0.00,0.00,0.00,0.00,0,0,0,0,24,FUL,false
3,222,45,0,1,0,0,0,0,0,0,0,0,0,0,0,4,2.4,0.8,0.0,0.3,0.00,0.00,0.00,1.54,4,1,0,3,24,FUL,false
3,223,0,0,0,0,0,0,0,0,0,0,0,0,0,0,0,0.0,0.0,0.0,0.0,0.00,0.00,0.00,0.00,0,0,0,0,24,FUL,false
3,224,45,1,4,0,1,0,2,0,0,0,0,0,0,0,16,21.2,10.7,19.0,5.1,0.14,0.00,0.14,1.60,2,0,1,1,24,FUL,false
3,225,0,0,0,0,0,0,0,0,0,0,0,0,0,0,0,0.0,0.0,0.0,0.0,0.00,0.00,0.00,0.00,0,0,0,0,24,FUL,false
3,226,90,1,1,0,0,0,2,0,0,0,0,0,1,0,6,9.2,0.0,0.0,0.9,0.00,0.00,0.00,0.69,0,0,0,12,30,MUN,true
3,227,0,0,0,0,0,0,0,0,0,0,0,0,0,0,0,0.0,0.0,0.0,0.0,0.00,0.00,0.00,0.00,0,0,0,0,30,MUN,true
3,228,0,0,0,0,0,0,0,0,0,0,0,0,0,0,0,0.0,0.0,0.0,0.0,0.00,0.00,0.00,0.00,0,0,0,0,30,MUN,true
3,229,90,1,3,0,0,0,2,0,0,0,0,0,0,0,11,24.4,1.0,6.0,3.1,0.02,0.01,0.03,0.69,12,9,3,3,30,MUN,true
3,230,90,1,3,0,0,0,2,0,0,0,0,0,0,0,10,41.6,0.6,34.0,7.6,0.08,0.00,0.08,0.69,11,10,1,4,30,MUN,true
3,231,0,0,0,0,0,0,0,0,0,0,0,0,0,0,0,0.0,0.0,0.0,0.0,0.00,0.00,0.00,0.00,0,0,0,0,30,MUN,true
3,232,0,0,0,0,0,0,0,0,0,0,0,0,0,0,0,0.0,0.0,0.0,0.0,0.00,0.00,0.00,0.00,0,0,0,0,30,MUN,true
3,233,90,1,1,0,0,0,2,0,0,0,0,0,0,0,8,12.8,2.5,0.0,1.5,0.00,0.01,0.01,0.69,6,3,3,4,30,MUN,true
3,234,0,0,0,0,0,0,0,0,0,0,0,0,0,0,0,0.0,0.0,0.0,0.0,0.00,0.00,0.00,0.00,0,0,0,0,30,MUN,true
3,235,0,0,0,0,0,0,0,0,0,0,0,0,0,0,0,0.0,0.0,0.0,0.0,0.00,0.00,0.00,0.00,0,0,0,0,30,MUN,true
3,236,90,1,2,0,0,0,2,0,0,0,0,0,0,0,20,24.0,30.0,33.0,8.7,0.27,0.07,0.34,0.69,11,2,4,5,30,MUN,true
3,237,86,1,3,0,0,1,0,0,0,0,0,0,0,0,12,7.0,17.9,10.0,3.5,0.02,0.04,0.06,1.35,5,1,2,2,26,COV,true
3,238,24,0,1,0,0,0,1,0,0,0,0,0,0,0,8,6.0,12.3,10.0,2.8,0.02,0.13,0.15,0.31,1,0,1,0,30,MUN,true
3,239,76,1,2,0,0,0,1,0,0,0,0,0,0,0,19,9.6,31.1,0.0,4.1,0.00,0.08,0.08,0.40,8,2,1,5,30,MUN,true
3,240,0,0,0,0,0,0,0,0,0,0,0,0,0,0,0,0.0,0.0,0.0,0.0,0.00,0.00,0.00,0.00,0,0,0,0,25,AVL,true
3,241,0,0,0,0,0,0,0,0,0,0,0,0,0,0,0,0.0,0.0,0.0,0.0,0.00,0.00,0.00,0.00,0,0,0,0,24,FUL,false
3,242,90,1,10,1,0,0,2,0,0,0,0,0,0,3,35,44.2,34.4,25.0,10.4,0.04,0.07,0.11,0.69,4,1,0,3,30,MUN,true
3,243,0,0,0,0,0,0,0,0,0,0,0,0,0,0,0,0.0,0.0,0.0,0.0,0.00,0.00,0.00,0.00,0,0,0,0,30,MUN,true
3,244,90,1,1,0,0,0,2,0,0,0,1,0,0,0,5,5.2,6.7,9.0,2.1,0.09,0.03,0.12,0.69,5,3,1,1,30,MUN,true
3,245,0,0,0,0,0,0,0,0,0,0,0,0,0,0,0,0.0,0.0,0.0,0.0,0.00,0.00,0.00,0.00,0,0,0,0,30,MUN,true
3,246,74,1,1,0,0,0,1,0,0,0,1,0,0,0,10,4.4,16.8,0.0,2.1,0.00,0.13,0.13,0.40,6,2,0,4,30,MUN,true
3,247,15,0,4,0,1,0,1,0,0,0,0,0,0,0,14,20.6,25.5,10.0,5.6,0.04,0.09,0.13,0.29,1,0,1,0,30,MUN,true
3,248,0,0,0,0,0,0,0,0,0,0,0,0,0,0,0,0.0,0.0,0.0,0.0,0.00,0.00,0.00,0.00,0,0,0,0,30,MUN,true
3,249,90,1,2,0,0,0,2,0,0,0,0,0,0,0,7,0.2,15.0,24.0,3.9,0.38,0.02,0.40,0.69,4,0,0,4,30,MUN,true
3,250,90,1,1,0,0,0,3,0,0,0,0,0,2,0,8,18.8,0.0,0.0,1.9,0.00,0.00,0.00,1.97,0,0,0,8,24,CRY,true
3,251,0,0,0,0,0,0,0,0,0,0,0,0,0,0,0,0.0,0.0,0.0,0.0,0.00,0.00,0.00,0.00,0,0,0,0,24,CRY,true
3,252,0,0,0,0,0,0,0,0,0,0,0,0,0,0,0,0.0,0.0,0.0,0.0,0.00,0.00,0.00,0.00,0,0,0,0,24,CRY,true
3,253,90,1,1,0,0,0,3,0,0,0,0,0,0,0,8,24.4,22.9,6.0,5.3,0.00,0.06,0.06,1.97,7,5,2,7,24,CRY,true
3,254,78,1,1,0,0,0,3,0,0,0,0,0,0,0,7,14.6,24.8,9.0,4.8,0.08,0.10,0.18,1.97,5,3,2,5,24,CRY,true
3,255,0,0,0,0,0,0,0,0,0,0,0,0,0,0,0,0.0,0.0,0.0,0.0,0.00,0.00,0.00,0.00,0,0,0,0,24,CRY,true
3,256,0,0,0,0,0,0,0,0,0,0,0,0,0,0,0,0.0,0.0,0.0,0.0,0.00,0.00,0.00,0.00,0,0,0,0,24,CRY,true
3,257,90,1,1,0,0,0,3,0,0,0,0,0,0,0,2,13.8,6.4,0.0,2.0,0.00,0.04,0.04,1.97,2,1,1,2,24,CRY,true
3,258,90,1,1,0,0,0,3,0,0,0,0,0,0,0,-1,20.6,24.1,30.0,7.5,0.58,0.19,0.77,1.97,7,5,2,5,24,CRY,true
3,259,90,1,3,0,0,0,2,0,0,0,0,0,0,0,10,27.2,10.8,0.0,3.8,0.00,0.01,0.01,0.69,11,9,2,2,21,LIV,true
3,260,17,0,0,0,0,0,0,0,0,0,1,0,0,0,0,1.4,20.3,2.0,2.4,0.00,0.00,0.00,1.32,1,0,0,1,23,BHA,false
3,261,82,1,2,0,0,0,3,0,0,0,0,0,0,0,15,7.6,23.7,11.0,4.2,0.04,0.26,0.30,1.97,4,0,1,3,24,CRY,true
3,262,11,0,1,0,0,0,0,0,0,0,0,0,0,0,3,0.2,0.5,2.0,0.3,0.00,0.00,0.00,0.00,0,0,0,0,24,CRY,true
3,263,0,0,0,0,0,0,0,0,0,0,0,0,0,0,0,0.0,0.0,0.0,0.0,0.00,0.00,0.00,0.00,0,0,0,0,24,CRY,true
3,264,78,1,2,0,0,0,3,0,0,0,0,0,0,0,17,11.2,58.8,53.0,12.3,0.32,0.65,0.97,1.97,4,0,0,4,24,CRY,true
3,265,29,0,1,0,0,0,1,0,0,0,0,0,0,0,9,3.2,2.9,0.0,0.6,0.00,0.10,0.10,0.84,2,0,0,2,24,CRY,true
3,266,0,0,0,0,0,0,0,0,0,0,0,0,0,0,0,0.0,0.0,0.0,0.0,0.00,0.00,0.00,0.00,0,0,0,0,24,CRY,true
3,267,90,1,2,0,0,0,2,0,0,0,0,0,0,0,13,10.4,14.2,0.0,2.5,0.00,0.02,0.02,0.69,4,1,1,2,21,LIV,true
3,268,90,1,10,1,0,0,3,0,0,0,0,0,0,3,38,44.6,26.0,34.0,10.5,0.31,0.27,0.58,1.97,7,1,1,5,24,CRY,true
3,269,11,0,1,0,0,0,0,0,0,0,0,0,0,0,3,2.0,14.8,4.0,2.1,0.08,0.32,0.40,0.00,1,1,0,1,24,CRY,true
3,270,0,0,0,0,0,0,0,0,0,0,0,0,0,0,0,0.0,0.0,0.0,0.0,0.00,0.00,0.00,0.00,0,0,0,0,24,CRY,true
3,271,7,0,1,0,0,0,0,0,0,0,0,0,0,0,5,3.2,10.1,27.0,4.0,0.38,0.00,0.38,0.00,0,0,0,0,24,CRY,true
3,272,0,0,0,0,0,0,0,0,0,0,0,0,0,0,0,0.0,0.0,0.0,0.0,0.00,0.00,0.00,0.00,0,0,0,0,24,CRY,true
3,273,0,0,0,0,0,0,0,0,0,0,0,0,0,0,0,0.0,0.0,0.0,0.0,0.00,0.00,0.00,0.00,0,0,0,0,25,AVL,true
3,274,0,0,0,0,0,0,0,0,0,0,0,0,0,0,0,0.0,0.0,0.0,0.0,0.00,0.00,0.00,0.00,0,0,0,0,25,AVL,true
3,275,0,0,0,0,0,0,0,0,0,0,0,0,0,0,0,0.0,0.0,0.0,0.0,0.00,0.00,0.00,0.00,0,0,0,0,25,AVL,true
3,276,0,0,0,0,0,0,0,0,0,0,0,0,0,0,0,0.0,0.0,0.0,0.0,0.00,0.00,0.00,0.00,0,0,0,0,25,AVL,true
3,277,90,1,6,0,0,1,0,0,0,0,0,0,0,0,18,15.4,0.1,0.0,1.6,0.00,0.00,0.00,1.93,7,4,3,1,25,AVL,true
3,278,0,0,0,0,0,0,0,0,0,0,0,0,0,0,0,0.0,0.0,0.0,0.0,0.00,0.00,0.00,0.00,0,0,0,0,25,AVL,true
3,279,90,1,5,0,0,1,0,0,0,0,1,0,0,0,17,11.0,0.7,0.0,1.2,0.00,0.00,0.00,1.93,6,5,1,1,25,AVL,true
3,280,63,1,6,0,0,1,0,0,0,0,0,0,0,0,19,1.4,4.6,0.0,0.6,0.00,0.01,0.01,1.81,0,0,0,0,25,AVL,true
3,281,0,0,0,0,0,0,0,0,0,0,0,0,0,0,0,0.0,0.0,0.0,0.0,0.00,0.00,0.00,0.00,0,0,0,0,25,AVL,true
3,282,90,1,8,0,0,1,0,0,0,0,0,0,0,2,30,14.8,26.4,0.0,4.1,0.00,0.04,0.04,1.93,4,3,1,5,25,AVL,true
3,283,0,0,0,0,0,0,0,0,0,0,0,0,0,0,0,0.0,0.0,0.0,0.0,0.00,0.00,0.00,0.00,0,0,0,0,25,AVL,true
3,284,0,0,0,0,0,0,0,0,0,0,0,0,0,0,0,0.0,0.0,0.0,0.0,0.00,0.00,0.00,0.00,0,0,0,0,25,AVL,true
3,285,0,0,0,0,0,0,0,0,0,0,0,0,0,0,0,0.0,0.0,0.0,0.0,0.00,0.00,0.00,0.00,0,0,0,0,25,AVL,true
3,286,81,1,5,0,0,1,0,0,0,0,0,0,0,0,15,22.8,12.4,10.0,4.5,0.03,0.01,0.04,1.93,12,8,3,1,25,AVL,true
3,287,0,0,0,0,0,0,0,0,0,0,0,0,0,0,0,0.0,0.0,0.0,0.0,0.00,0.00,0.00,0.00,0,0,0,0,25,AVL,true
3,288,0,0,0,0,0,0,0,0,0,0,0,0,0,0,0,0.0,0.0,0.0,0.0,0.00,0.00,0.00,0.00,0,0,0,0,25,AVL,true
3,289,0,0,0,0,0,0,0,0,0,0,0,0,0,0,0,0.0,0.0,0.0,0.0,0.00,0.00,0.00,0.00,0,0,0,0,25,AVL,true
3,290,90,1,3,0,0,1,0,0,0,0,0,0,0,0,10,10.6,12.3,8.0,3.1,0.04,0.01,0.05,1.93,6,3,1,2,25,AVL,true
3,291,0,0,0,0,0,0,0,0,0,0,0,0,0,0,0,0.0,0.0,0.0,0.0,0.00,0.00,0.00,0.00,0,0,0,0,25,AVL,true
3,292,0,0,0,0,0,0,0,0,0,0,0,0,0,0,0,0.0,0.0,0.0,0.0,0.00,0.00,0.00,0.00,0,0,0,0,25,AVL,true
3,293,0,0,0,0,0,0,0,0,0,0,0,0,0,0,0,0.0,0.0,0.0,0.0,0.00,0.00,0.00,0.00,0,0,0,0,25,AVL,true
3,294,0,0,0,0,0,0,0,0,0,0,0,0,0,0,0,0.0,0.0,0.0,0.0,0.00,0.00,0.00,0.00,0,0,0,0,25,AVL,true
3,295,90,1,2,0,0,1,0,0,0,0,0,0,0,0,2,2.6,11.3,15.0,2.9,0.38,0.05,0.43,1.93,3,1,2,0,25,AVL,true
3,296,0,0,0,0,0,0,0,0,0,0,0,0,0,0,0,0.0,0.0,0.0,0.0,0.00,0.00,0.00,0.00,0,0,0,0,25,AVL,true
3,297,0,0,0,0,0,0,0,0,0,0,0,0,0,0,0,0.0,0.0,0.0,0.0,0.00,0.00,0.00,0.00,0,0,0,0,25,AVL,true
3,298,0,0,0,0,0,0,0,0,0,0,0,0,0,0,0,0.0,0.0,0.0,0.0,0.00,0.00,0.00,0.00,0,0,0,0,25,AVL,true
3,299,0,0,0,0,0,0,0,0,0,0,0,0,0,0,0,0.0,0.0,0.0,0.0,0.00,0.00,0.00,0.00,0,0,0,0,25,AVL,true
3,300,0,0,0,0,0,0,0,0,0,0,0,0,0,0,0,0.0,0.0,0.0,0.0,0.00,0.00,0.00,0.00,0,0,0,0,21,LIV,true
3,301,0,0,0,0,0,0,0,0,0,0,0,0,0,0,0,0.0,0.0,0.0,0.0,0.00,0.00,0.00,0.00,0,0,0,0,21,LIV,true
3,302,0,0,0,0,0,0,0,0,0,0,0,0,0,0,0,0.0,0.0,0.0,0.0,0.00,0.00,0.00,0.00,0,0,0,0,21,LIV,true
3,303,0,0,0,0,0,0,0,0,0,0,0,0,0,0,0,0.0,0.0,0.0,0.0,0.00,0.00,0.00,0.00,0,0,0,0,21,LIV,true
3,304,90,1,3,0,0,0,2,0,0,0,0,0,0,0,5,23.8,4.4,4.0,3.2,0.00,0.01,0.01,0.69,11,8,3,3,21,LIV,true
3,305,90,1,1,0,0,0,2,0,0,0,0,0,0,0,4,17.4,21.5,19.0,5.8,0.11,0.12,0.23,0.69,6,4,2,3,21,LIV,true
3,306,90,1,1,0,0,0,2,0,0,0,0,0,0,0,6,15.0,12.3,4.0,3.1,0.00,0.04,0.04,0.69,7,6,1,3,21,LIV,true
3,307,0,0,0,0,0,0,0,0,0,0,0,0,0,0,0,0.0,0.0,0.0,0.0,0.00,0.00,0.00,0.00,0,0,0,0,21,LIV,true
3,308,0,0,0,0,0,0,0,0,0,0,0,0,0,0,0,0.0,0.0,0.0,0.0,0.00,0.00,0.00,0.00,0,0,0,0,21,LIV,true
3,309,0,0,0,0,0,0,0,0,0,0,0,0,0,0,0,0.0,0.0,0.0,0.0,0.00,0.00,0.00,0.00,0,0,0,0,21,LIV,true
3,310,0,0,0,0,0,0,0,0,0,0,0,0,0,0,0,0.0,0.0,0.0,0.0,0.00,0.00,0.00,0.00,0,0,0,0,21,LIV,true
3,311,0,0,0,0,0,0,0,0,0,0,0,0,0,0,0,0.0,0.0,0.0,0.0,0.00,0.00,0.00,0.00,0,0,0,0,21,LIV,true
3,312,0,0,0,0,0,0,0,0,0,0,0,0,0,0,0,0.0,0.0,0.0,0.0,0.00,0.00,0.00,0.00,0,0,0,0,21,LIV,true
3,313,24,0,1,0,0,0,0,0,0,0,0,0,0,0,3,3.4,11.7,4.0,1.9,0.05,0.02,0.07,0.06,2,1,0,1,21,LIV,true
3,314,0,0,0,0,0,0,0,0,0,0,0,0,0,0,0,0.0,0.0,0.0,0.0,0.00,0.00,0.00,0.00,0,0,0,0,21,LIV,true
3,315,78,1,2,0,0,0,2,0,0,0,0,0,0,0,14,10.2,32.9,4.0,4.7,0.03,0.15,0.18,0.69,6,2,2,2,21,LIV,true
3,316,65,1,2,0,0,0,2,0,0,0,0,0,0,0,8,3.2,0.0,8.0,1.1,0.22,0.00,0.22,0.62,3,1,1,1,21,LIV,true
3,317,0,0,0,0,0,0,0,0,0,0,0,0,0,0,0,0.0,0.0,0.0,0.0,0.00,0.00,0.00,0.00,0,0,0,0,21,LIV,true
3,318,0,0,0,0,0,0,0,0,0,0,0,0,0,0,0,0.0,0.0,0.0,0.0,0.00,0.00,0.00,0.00,0,0,0,0,21,LIV,true
3,319,0,0,0,0,0,0,0,0,0,0,0,0,0,0,0,0.0,0.0,0.0,0.0,0.00,0.00,0.00,0.00,0,0,0,0,21,LIV,true
3,320,0,0,0,0,0,0,0,0,0,0,0,0,0,0,0,0.0,0.0,0.0,0.0,0.00,0.00,0.00,0.00,0,0,0,0,21,LIV,true
3,321,0,0,0,0,0,0,0,0,0,0,0,0,0,0,0,0.0,0.0,0.0,0.0,0.00,0.00,0.00,0.00,0,0,0,0,21,LIV,true
3,322,0,0,0,0,0,0,0,0,0,0,0,0,0,0,0,0.0,0.0,0.0,0.0,0.00,0.00,0.00,0.00,0,0,0,0,21,LIV,true
3,323,11,0,1,0,0,0,0,0,0,0,0,0,0,0,5,3.2,0.5,7.0,1.1,0.05,0.00,0.05,0.00,1,0,0,1,21,LIV,true
3,324,0,0,0,0,0,0,0,0,0,0,0,0,0,0,0,0.0,0.0,0.0,0.0,0.00,0.00,0.00,0.00,0,0,0,0,21,LIV,true
3,325,0,0,0,0,0,0,0,0,0,0,0,0,0,0,0,0.0,0.0,0.0,0.0,0.00,0.00,0.00,0.00,0,0,0,0,30,EVE,false
3,326,0,0,0,0,0,0,0,0,0,0,0,0,0,0,0,0.0,0.0,0.0,0.0,0.00,0.00,0.00,0.00,0,0,0,0,23,BHA,false
3,327,29,0,1,0,0,0,1,0,0,0,0,0,0,0,1,6.2,0.0,0.0,0.6,0.00,0.00,0.00,1.95,4,2,2,0,23,BHA,false
3,328,1,0,1,0,0,0,0,0,0,0,0,0,0,0,3,0.2,0.1,0.0,0.0,0.00,0.00,0.00,0.00,0,0,0,0,23,LEE,true
3,329,0,0,0,0,0,0,0,0,0,0,0,0,0,0,0,0.0,0.0,0.0,0.0,0.00,0.00,0.00,0.00,0,0,0,0,23,BHA,false
3,330,60,1,14,1,0,1,0,0,0,0,1,0,0,3,30,35.4,1.7,33.0,7.0,0.90,0.02,0.92,0.24,2,2,0,0,23,BHA,false
3,331,90,1,2,0,0,0,1,0,0,0,0,0,0,0,9,12.6,1.2,2.0,1.6,0.00,0.00,0.00,2.19,5,2,3,9,23,BHA,false
3,332,90,1,4,0,0,0,1,0,0,0,0,0,0,0,9,16.8,1.5,21.0,3.9,0.14,0.00,0.14,2.19,10,7,3,4,23,BHA,false
3,333,0,0,0,0,0,0,0,0,0,0,0,0,0,0,0,0.0,0.0,0.0,0.0,0.00,0.00,0.00,0.00,0,0,0,0,23,BHA,false
3,334,90,1,4,0,0,0,1,0,0,0,0,0,0,0,10,29.2,0.8,2.0,3.2,0.00,0.01,0.01,2.19,13,12,1,2,23,BHA,false
3,335,90,1,2,0,0,0,1,0,0,0,0,0,0,0,7,15.4,16.5,19.0,5.1,0.32,0.10,0.42,2.19,6,2,2,2,23,BHA,false
3,336,61,1,3,0,0,1,0,0,0,0,0,0,0,0,9,1.4,0.6,2.0,0.4,0.00,0.01,0.01,0.24,0,0,0,0,23,BHA,false
3,337,28,0,1,0,0,0,1,0,0,0,0,0,0,0,5,0.0,1.0,0.0,0.1,0.00,0.00,0.00,1.95,0,0,0,0,23,BHA,false
3,338,90,1,2,0,0,0,1,0,0,0,0,0,0,0,13,23.6,1.3,0.0,2.5,0.00,0.01,0.01,2.19,11,6,4,1,23,BHA,false
3,339,0,0,0,0,0,0,0,0,0,0,0,0,0,0,0,0.0,0.0,0.0,0.0,0.00,0.00,0.00,0.00,0,0,0,0,23,BHA,false
3,340,0,0,0,0,0,0,0,0,0,0,0,0,0,0,0,0.0,0.0,0.0,0.0,0.00,0.00,0.00,0.00,0,0,0,0,25,AVL,true
3,341,0,0,0,0,0,0,0,0,0,0,0,0,0,0,0,0.0,0.0,0.0,0.0,0.00,0.00,0.00,0.00,0,0,0,0,23,BHA,false
3,342,0,0,0,0,0,0,0,0,0,0,0,0,0,0,0,0.0,0.0,0.0,0.0,0.00,0.00,0.00,0.00,0,0,0,0,23,BHA,false
3,343,0,0,0,0,0,0,0,0,0,0,0,0,0,0,0,0.0,0.0,0.0,0.0,0.00,0.00,0.00,0.00,0,0,0,0,23,BHA,false
3,344,0,0,0,0,0,0,0,0,0,0,0,0,0,0,0,0.0,0.0,0.0,0.0,0.00,0.00,0.00,0.00,0,0,0,0,23,BHA,false
3,345,72,1,5,0,1,0,1,0,0,0,0,0,0,0,18,20.8,12.2,13.0,4.6,0.53,0.01,0.54,0.87,8,3,2,3,23,BHA,false
3,346,72,1,1,0,0,0,1,0,0,0,1,0,0,0,0,4.4,11.3,21.0,3.7,0.56,0.06,0.62,0.87,3,1,0,2,23,BHA,false
3,347,17,0,1,0,0,0,0,0,0,0,0,0,0,0,2,0.0,1.8,9.0,0.9,0.17,0.14,0.31,1.32,0,0,0,0,23,BHA,false
3,348,0,0,0,0,0,0,0,0,0,0,0,0,0,0,0,0.0,0.0,0.0,0.0,0.00,0.00,0.00,0.00,0,0,0,0,23,BHA,false
3,349,0,0,0,0,0,0,0,0,0,0,0,0,0,0,0,0.0,0.0,0.0,0.0,0.00,0.00,0.00,0.00,0,0,0,0,23,BHA,false
3,350,90,1,8,0,0,1,0,0,0,0,0,0,5,1,35,30.4,0.0,0.0,3.0,0.00,0.00,0.00,0.75,0,2,0,14,21,IPS,false
3,351,0,0,0,0,0,0,0,0,0,0,0,0,0,0,0,0.0,0.0,0.0,0.0,0.00,0.00,0.00,0.00,0,0,0,0,21,IPS,false
3,352,0,0,0,0,0,0,0,0,0,0,0,0,0,0,0,0.0,0.0,0.0,0.0,0.00,0.00,0.00,0.00,0,0,0,0,21,IPS,false
3,353,0,0,0,0,0,0,0,0,0,0,0,0,0,0,0,0.0,0.0,0.0,0.0,0.00,0.00,0.00,0.00,0,0,0,0,21,IPS,false
3,354,0,0,0,0,0,0,0,0,0,0,0,0,0,0,0,0.0,0.0,0.0,0.0,0.00,0.00,0.00,0.00,0,0,0,0,21,IPS,false
3,355,0,0,0,0,0,0,0,0,0,0,0,0,0,0,0,0.0,0.0,0.0,0.0,0.00,0.00,0.00,0.00,0,0,0,0,21,IPS,false
3,356,90,1,6,0,0,1,0,0,0,0,0,0,0,0,32,23.2,1.8,0.0,2.5,0.00,0.02,0.02,0.75,7,4,3,4,21,IPS,false
3,357,0,0,0,0,0,0,0,0,0,0,0,0,0,0,0,0.0,0.0,0.0,0.0,0.00,0.00,0.00,0.00,0,0,0,0,21,IPS,false
3,358,90,1,5,0,0,1,0,0,0,0,1,0,0,0,23,13.8,11.3,0.0,2.5,0.00,0.03,0.03,0.75,5,3,2,1,21,IPS,false
3,359,0,0,0,0,0,0,0,0,0,0,0,0,0,0,0,0.0,0.0,0.0,0.0,0.00,0.00,0.00,0.00,0,0,0,0,21,IPS,false
3,360,0,0,0,0,0,0,0,0,0,0,0,0,0,0,0,0.0,0.0,0.0,0.0,0.00,0.00,0.00,0.00,0,0,0,0,21,IPS,false
3,361,0,0,0,0,0,0,0,0,0,0,0,0,0,0,0,0.0,0.0,0.0,0.0,0.00,0.00,0.00,0.00,0,0,0,0,21,IPS,false
3,362,90,1,5,0,0,1,0,0,0,0,1,0,0,0,28,22.8,12.5,2.0,3.7,0.00,0.03,0.03,0.75,9,6,3,3,21,IPS,false
3,363,0,0,0,0,0,0,0,0,0,0,0,0,0,0,0,0.0,0.0,0.0,0.0,0.00,0.00,0.00,0.00,0,0,0,0,21,IPS,false
3,364,0,0,0,0,0,0,0,0,0,0,0,0,0,0,0,0.0,0.0,0.0,0.0,0.00,0.00,0.00,0.00,0,0,0,0,21,IPS,false
3,365,0,0,0,0,0,0,0,0,0,0,0,0,0,0,0,0.0,0.0,0.0,0.0,0.00,0.00,0.00,0.00,0,0,0,0,21,IPS,false
3,366,90,1,3,0,0,1,0,0,0,0,0,0,0,0,14,6.6,34.0,22.0,6.3,0.18,0.05,0.23,0.65,4,0,0,4,21,IPS,false
3,367,90,1,11,0,2,1,0,0,0,0,0,0,0,2,43,49.6,42.7,13.0,10.5,0.06,0.40,0.46,0.75,10,2,3,5,21,IPS,false
3,368,90,1,3,0,0,1,0,0,0,0,0,0,0,0,20,19.4,29.9,21.0,7.0,0.16,0.08,0.24,0.75,9,3,0,6,21,IPS,false
3,369,0,0,0,0,0,0,0,0,0,0,0,0,0,0,0,0.0,0.0,0.0,0.0,0.00,0.00,0.00,0.00,0,0,0,0,21,IPS,false
3,370,0,0,0,0,0,0,0,0,0,0,0,0,0,0,0,0.0,0.0,0.0,0.0,0.00,0.00,0.00,0.00,0,0,0,0,21,IPS,false
3,371,26,0,1,0,0,0,0,0,0,0,0,0,0,0,2,2.2,1.7,0.0,0.4,0.00,0.00,0.00,0.17,2,1,0,1,21,IPS,false
3,372,83,1,2,0,0,1,0,0,0,0,1,0,0,0,14,16.6,12.8,18.0,4.7,0.08,0.02,0.10,0.60,11,3,3,5,21,IPS,false
3,373,0,0,0,0,0,0,0,0,0,0,0,0,0,0,0,0.0,0.0,0.0,0.0,0.00,0.00,0.00,0.00,0,0,0,0,21,IPS,false
3,374,0,0,0,0,0,0,0,0,0,0,0,0,0,0,0,0.0,0.0,0.0,0.0,0.00,0.00,0.00,0.00,0,0,0,0,21,IPS,false
3,375,6,0,1,0,0,0,0,0,0,0,0,0,0,0,3,0.2,0.1,0.0,0.0,0.00,0.00,0.00,0.15,0,0,0,0,21,IPS,false
3,376,0,0,0,0,0,0,0,0,0,0,0,0,0,0,0,0.0,0.0,0.0,0.0,0.00,0.00,0.00,0.00,0,0,0,0,21,IPS,false
3,377,63,1,3,0,0,1,0,0,0,0,0,0,0,0,9,0.8,4.3,6.0,1.1,0.00,0.02,0.02,0.58,4,0,0,4,21,IPS,false
3,378,0,0,0,0,0,0,0,0,0,0,0,0,0,0,0,0.0,0.0,0.0,0.0,0.00,0.00,0.00,0.00,0,0,0,0,21,IPS,false
3,379,63,1,13,2,0,1,0,0,0,0,0,0,0,3,61,67.0,6.4,34.0,10.7,0.21,0.05,0.26,0.58,3,1,0,2,21,IPS,false
3,380,0,0,0,0,0,0,0,0,0,0,0,0,0,0,0,0.0,0.0,0.0,0.0,0.00,0.00,0.00,0.00,0,0,0,0,21,IPS,false
3,381,1,0,1,0,0,0,0,0,0,0,0,0,0,0,3,0.0,0.0,0.0,0.0,0.00,0.00,0.00,0.10,0,0,0,0,21,IPS,false
3,382,0,0,0,0,0,0,0,0,0,0,0,0,0,0,0,0.0,0.0,0.0,0.0,0.00,0.00,0.00,0.00,0,0,0,0,21,IPS,false
3,383,0,0,0,0,0,0,0,0,0,0,0,0,0,0,0,0.0,0.0,0.0,0.0,0.00,0.00,0.00,0.00,0,0,0,0,21,IPS,false
3,384,90,1,7,0,0,1,0,0,0,0,0,0,3,0,29,26.8,0.0,0.0,2.7,0.00,0.00,0.00,1.37,0,1,0,2,26,COV,true
3,385,90,1,3,0,0,0,1,0,0,0,0,0,4,0,18,34.8,0.0,0.0,3.5,0.00,0.00,0.00,2.19,0,2,0,11,23,BHA,false
3,386,0,0,0,0,0,0,0,0,0,0,0,0,0,0,0,0.0,0.0,0.0,0.0,0.00,0.00,0.00,0.00,0,0,0,0,26,COV,true
3,387,0,0,0,0,0,0,0,0,0,0,0,0,0,0,0,0.0,0.0,0.0,0.0,0.00,0.00,0.00,0.00,0,0,0,0,26,COV,true
3,388,90,1,8,0,0,1,0,0,0,0,0,0,0,2,31,28.8,9.6,2.0,4.0,0.00,0.02,0.02,1.37,9,9,0,6,26,COV,true
3,389,0,0,0,0,0,0,0,0,0,0,0,0,0,0,0,0.0,0.0,0.0,0.0,0.00,0.00,0.00,0.00,0,0,0,0,26,COV,true
3,390,90,1,6,0,0,1,0,0,0,0,0,0,0,0,25,20.6,6.6,0.0,2.7,0.00,0.03,0.03,1.37,3,3,0,0,26,COV,true
3,391,90,1,8,0,0,1,0,0,0,0,0,0,0,2,31,18.8,6.9,7.0,3.3,0.01,0.02,0.03,1.37,8,4,4,7,26,COV,true
3,392,0,0,0,0,0,0,0,0,0,0,0,0,0,0,0,0.0,0.0,0.0,0.0,0.00,0.00,0.00,0.00,0,0,0,0,26,COV,true
3,393,90,1,5,0,0,1,0,0,0,0,1,0,0,0,22,13.6,3.9,0.0,1.8,0.00,0.02,0.02,1.37,6,4,2,4,26,COV,true
3,394,0,0,0,0,0,0,0,0,0,0,0,0,0,0,0,0.0,0.0,0.0,0.0,0.00,0.00,0.00,0.00,0,0,0,0,26,COV,true
3,395,0,0,0,0,0,0,0,0,0,0,0,0,0,0,0,0.0,0.0,0.0,0.0,0.00,0.00,0.00,0.00,0,0,0,0,26,COV,true
3,396,0,0,0,0,0,0,0,0,0,0,0,0,0,0,0,0.0,0.0,0.0,0.0,0.00,0.00,0.00,0.00,0,0,0,0,26,COV,true
3,397,90,1,6,0,1,1,0,0,0,0,0,0,0,0,26,22.6,45.9,11.0,8.0,0.05,0.34,0.39,1.37,4,0,1,3,26,COV,true
3,398,24,0,1,0,0,0,0,0,0,0,0,0,0,0,3,4.4,14.8,7.0,2.6,0.62,0.01,0.63,0.50,1,0,0,1,26,COV,true
3,399,65,1,3,0,0,1,0,0,0,0,0,0,0,0,23,7.4,52.2,24.0,8.4,0.21,0.30,0.51,0.86,3,0,0,3,26,COV,true
3,400,0,0,0,0,0,0,0,0,0,0,0,0,0,0,0,0.0,0.0,0.0,0.0,0.00,0.00,0.00,0.00,0,0,0,0,26,COV,true
3,401,83,1,2,0,0,1,0,0,0,0,0,0,0,0,6,0.0,2.4,10.0,1.0,0.17,0.01,0.18,0.88,0,0,0,0,28,NFO,false
3,402,0,0,0,0,0,0,0,0,0,0,0,0,0,0,0,0.0,0.0,0.0,0.0,0.00,0.00,0.00,0.00,0,0,0,0,26,COV,true
3,403,60,1,3,0,0,1,0,0,0,0,0,0,0,0,15,6.2,17.3,15.0,3.9,0.02,0.27,0.29,0.49,0,0,0,0,28,NFO,false
3,404,0,0,0,0,0,0,0,0,0,0,0,0,0,0,0,0.0,0.0,0.0,0.0,0.00,0.00,0.00,0.00,0,0,0,0,26,COV,true
3,405,76,1,2,0,0,0,2,0,0,0,0,0,0,0,11,6.2,12.4,2.0,2.1,0.00,0.01,0.01,1.33,7,1,0,6,27,BOU,true
3,406,0,0,0,0,0,0,0,0,0,0,0,0,0,0,0,0.0,0.0,0.0,0.0,0.00,0.00,0.00,0.00,0,0,0,0,26,COV,true
3,407,0,0,0,0,0,0,0,0,0,0,0,0,0,0,0,0.0,0.0,0.0,0.0,0.00,0.00,0.00,0.00,0,0,0,0,26,COV,true
3,408,0,0,0,0,0,0,0,0,0,0,0,0,0,0,0,0.0,0.0,0.0,0.0,0.00,0.00,0.00,0.00,0,0,0,0,26,COV,true
3,409,0,0,0,0,0,0,0,0,0,0,0,0,0,0,0,0.0,0.0,0.0,0.0,0.00,0.00,0.00,0.00,0,0,0,0,26,COV,true
3,410,0,0,0,0,0,0,0,0,0,0,0,0,0,0,0,0.0,0.0,0.0,0.0,0.00,0.00,0.00,0.00,0,0,0,0,26,COV,true
3,411,90,1,9,1,0,1,0,0,0,0,0,0,0,3,40,48.8,13.6,63.0,12.5,1.06,0.48,1.54,1.37,7,5,0,2,26,COV,true
3,412,90,1,2,0,0,0,2,0,0,0,0,0,4,0,13,31.8,0.0,0.0,3.2,0.00,0.00,0.00,1.01,0,1,0,14,30,EVE,false
3,413,0,0,0,0,0,0,0,0,0,0,0,0,0,0,0,0.0,0.0,0.0,0.0,0.00,0.00,0.00,0.00,0,0,0,0,30,EVE,false
3,414,0,0,0,0,0,0,0,0,0,0,0,0,0,0,0,0.0,0.0,0.0,0.0,0.00,0.00,0.00,0.00,0,0,0,0,30,EVE,false
3,415,20,0,1,0,0,0,2,0,0,0,0,0,0,0,3,4.2,1.3,2.0,0.8,0.00,0.01,0.01,0.36,3,1,1,1,30,EVE,false
3,416,0,0,0,0,0,0,0,0,0,0,0,0,0,0,0,0.0,0.0,0.0,0.0,0.00,0.00,0.00,0.00,0,0,0,0,30,EVE,false
3,417,83,1,1,0,0,0,1,0,0,0,1,0,0,0,8,4.8,22.7,6.0,3.4,0.01,0.01,0.02,0.92,4,2,2,3,30,EVE,false
3,418,90,1,2,0,0,0,2,0,0,0,1,0,0,0,1,26.8,1.3,2.0,3.0,0.00,0.01,0.01,1.01,12,12,0,2,30,EVE,false
3,419,90,1,3,0,0,0,2,0,0,0,0,0,0,0,7,29.0,0.3,0.0,2.9,0.00,0.00,0.00,1.01,10,10,0,2,30,EVE,false
3,420,6,0,1,0,0,0,1,0,0,0,0,0,0,0,1,6.0,0.6,2.0,0.9,0.00,0.01,0.01,0.09,3,1,2,0,30,EVE,false
3,421,0,0,0,0,0,0,0,0,0,0,0,0,0,0,0,0.0,0.0,0.0,0.0,0.00,0.00,0.00,0.00,0,0,0,0,30,EVE,false
3,422,1,0,1,0,0,0,1,0,0,0,0,0,0,0,-1,2.2,0.5,2.0,0.5,0.00,0.01,0.01,0.07,1,0,1,0,30,EVE,false
3,423,90,1,4,0,1,0,1,0,0,0,1,0,0,0,22,42.4,24.8,3.0,7.0,0.02,0.23,0.25,0.94,8,7,1,1,30,EVE,false
3,424,0,0,0,0,0,0,0,0,0,0,0,0,0,0,0,0.0,0.0,0.0,0.0,0.00,0.00,0.00,0.00,0,0,0,0,30,EVE,false
3,425,0,0,0,0,0,0,0,0,0,0,0,0,0,0,0,0.0,0.0,0.0,0.0,0.00,0.00,0.00,0.00,0,0,0,0,30,EVE,false
3,426,90,1,2,0,0,0,2,0,0,0,0,0,0,0,11,3.4,33.6,14.0,5.1,0.15,0.06,0.21,1.01,2,0,0,2,30,EVE,false
3,427,90,1,8,1,0,0,2,0,0,0,0,0,0,1,29,39.8,13.7,18.0,7.2,0.05,0.03,0.08,1.01,8,4,0,4,30,EVE,false
3,428,69,1,3,0,0,1,0,0,0,0,0,0,0,0,10,2.8,6.2,10.0,1.9,0.12,0.05,0.17,0.65,3,0,2,1,30,EVE,false
3,429,69,1,3,0,0,1,0,0,0,0,0,0,0,0,11,3.8,12.5,8.0,2.4,0.00,0.06,0.06,0.65,4,0,0,4,30,EVE,false
3,430,0,0,0,0,0,0,0,0,0,0,0,0,0,0,0,0.0,0.0,0.0,0.0,0.00,0.00,0.00,0.00,0,0,0,0,30,EVE,false
3,431,0,0,0,0,0,0,0,0,0,0,0,0,0,0,0,0.0,0.0,0.0,0.0,0.00,0.00,0.00,0.00,0,0,0,0,30,EVE,false
3,432,83,1,9,0,1,0,1,0,0,0,0,0,0,2,32,34.2,24.5,0.0,5.9,0.00,0.07,0.07,0.92,15,3,2,10,30,EVE,false
3,433,0,0,0,0,0,0,0,0,0,0,0,0,0,0,0,0.0,0.0,0.0,0.0,0.00,0.00,0.00,0.00,0,0,0,0,30,EVE,false
3,434,0,0,0,0,0,0,0,0,0,0,0,0,0,0,0,0.0,0.0,0.0,0.0,0.00,0.00,0.00,0.00,0,0,0,0,30,EVE,false
3,435,0,0,0,0,0,0,0,0,0,0,0,0,0,0,0,0.0,0.0,0.0,0.0,0.00,0.00,0.00,0.00,0,0,0,0,30,EVE,false
3,436,0,0,0,0,0,0,0,0,0,0,0,0,0,0,0,0.0,0.0,0.0,0.0,0.00,0.00,0.00,0.00,0,0,0,0,30,EVE,false
3,437,0,0,0,0,0,0,0,0,0,0,0,0,0,0,0,0.0,0.0,0.0,0.0,0.00,0.00,0.00,0.00,0,0,0,0,30,EVE,false
3,438,0,0,0,0,0,0,0,0,0,0,0,0,0,0,0,0.0,0.0,0.0,0.0,0.00,0.00,0.00,0.00,0,0,0,0,30,EVE,false
3,439,20,0,5,1,0,0,2,0,0,0,0,0,0,0,28,31.2,0.2,21.0,5.2,0.29,0.00,0.29,0.36,0,0,0,0,30,EVE,false
3,440,0,0,0,0,0,0,0,0,0,0,0,0,0,0,0,0.0,0.0,0.0,0.0,0.00,0.00,0.00,0.00,0,0,0,0,30,EVE,false
3,441,0,0,0,0,0,0,0,0,0,0,0,0,0,0,0,0.0,0.0,0.0,0.0,0.00,0.00,0.00,0.00,0,0,0,0,30,EVE,false
3,442,0,0,0,0,0,0,0,0,0,0,0,0,0,0,0,0.0,0.0,0.0,0.0,0.00,0.00,0.00,0.00,0,0,0,0,27,BOU,true
3,443,0,0,0,0,0,0,0,0,0,0,0,0,0,0,0,0.0,0.0,0.0,0.0,0.00,0.00,0.00,0.00,0,0,0,0,27,BOU,true
3,444,0,0,0,0,0,0,0,0,0,0,0,0,0,0,0,0.0,0.0,0.0,0.0,0.00,0.00,0.00,0.00,0,0,0,0,27,BOU,true
3,445,90,1,-1,0,0,0,2,1,0,0,0,0,0,0,0,7.6,12.3,2.0,2.2,0.00,0.05,0.05,1.37,3,3,0,3,27,BOU,true
3,446,0,0,0,0,0,0,0,0,0,0,0,0,0,0,0,0.0,0.0,0.0,0.0,0.00,0.00,0.00,0.00,0,0,0,0,27,BOU,true
3,447,90,1,1,0,0,0,2,0,0,0,0,0,0,0,3,26.0,0.9,4.0,3.1,0.00,0.16,0.16,1.37,9,8,1,3,27,BOU,true
3,448,0,0,0,0,0,0,0,0,0,0,0,0,0,0,0,0.0,0.0,0.0,0.0,0.00,0.00,0.00,0.00,0,0,0,0,27,BOU,true
3,449,89,1,4,0,1,0,2,0,0,0,0,0,0,0,20,28.0,13.4,3.0,4.4,0.01,0.01,0.02,1.35,6,5,1,13,27,BOU,true
3,450,1,0,1,0,0,0,0,0,0,0,0,0,0,0,3,0.2,0.0,0.0,0.0,0.00,0.00,0.00,0.02,0,0,0,0,27,BOU,true
3,451,0,0,0,0,0,0,0,0,0,0,0,0,0,0,0,0.0,0.0,0.0,0.0,0.00,0.00,0.00,0.00,0,0,0,0,27,BOU,true
3,452,0,0,0,0,0,0,0,0,0,0,0,0,0,0,0,0.0,0.0,0.0,0.0,0.00,0.00,0.00,0.00,0,0,0,0,29,CHE,true
3,453,90,1,12,1,1,0,2,0,0,0,0,0,0,2,37,33.0,2.8,23.0,5.9,0.11,0.03,0.14,1.37,6,2,0,4,27,BOU,true
3,454,76,1,1,0,0,0,2,0,0,0,1,0,0,0,8,8.4,31.8,4.0,4.4,0.00,0.23,0.23,1.33,4,1,2,1,27,BOU,true
3,455,90,1,5,0,0,1,0,0,0,0,0,0,0,0,22,22.8,8.0,0.0,3.1,0.00,0.01,0.01,0.92,12,4,4,4,28,NFO,false
3,456,27,0,6,1,0,0,0,0,0,0,0,0,0,0,22,32.4,0.8,17.0,5.0,0.11,0.02,0.13,0.04,4,0,0,4,27,BOU,true
3,457,13,0,1,0,0,0,0,0,0,0,0,0,0,0,5,0.2,0.3,0.0,0.1,0.00,0.00,0.00,0.04,1,0,0,1,27,BOU,true
3,458,0,0,0,0,0,0,0,0,0,0,0,0,0,0,0,0.0,0.0,0.0,0.0,0.00,0.00,0.00,0.00,0,0,0,0,27,BOU,true
3,459,62,1,2,0,0,0,2,0,0,0,0,0,0,0,11,3.2,1.1,2.0,0.6,0.00,0.02,0.02,1.33,4,1,0,3,27,BOU,true
3,460,62,1,2,0,0,0,2,0,0,0,0,0,0,0,6,6.0,2.2,11.0,1.9,0.36,0.01,0.37,1.33,3,1,1,1,27,BOU,true
3,461,0,0,0,0,0,0,0,0,0,0,0,0,0,0,0,0.0,0.0,0.0,0.0,0.00,0.00,0.00,0.00,0,0,0,0,27,BOU,true
3,462,13,0,1,0,0,0,0,0,0,0,0,0,0,0,3,2.0,0.5,0.0,0.3,0.00,0.00,0.00,0.04,2,1,0,1,27,BOU,true
3,463,0,0,0,0,0,0,0,0,0,0,0,0,0,0,0,0.0,0.0,0.0,0.0,0.00,0.00,0.00,0.00,0,0,0,0,27,BOU,true
3,464,90,1,1,0,0,0,2,0,0,0,1,0,0,0,7,0.0,7.3,0.0,0.7,0.00,0.03,0.03,1.37,3,0,0,3,27,BOU,true
3,465,0,0,0,0,0,0,0,0,0,0,0,0,0,0,0,0.0,0.0,0.0,0.0,0.00,0.00,0.00,0.00,0,0,0,0,27,BOU,true
3,466,0,0,0,0,0,0,0,0,0,0,0,0,0,0,0,0.0,0.0,0.0,0.0,0.00,0.00,0.00,0.00,0,0,0,0,27,BOU,true
3,467,90,1,6,0,0,1,0,0,0,0,0,0,0,0,21,2.4,0.0,0.0,0.2,0.00,0.00,0.00,1.06,0,1,0,11,28,TOT,true
3,468,0,0,0,0,0,0,0,0,0,0,0,0,0,0,0,0.0,0.0,0.0,0.0,0.00,0.00,0.00,0.00,0,0,0,0,28,TOT,true
3,469,90,1,7,0,0,1,0,0,0,0,0,0,0,1,28,11.4,10.9,4.0,2.6,0.00,0.07,0.07,1.06,6,3,3,8,28,TOT,true
3,470,0,0,0,0,0,0,0,0,0,0,0,0,0,0,0,0.0,0.0,0.0,0.0,0.00,0.00,0.00,0.00,0,0,0,0,28,TOT,true
3,471,90,1,7,0,0,1,0,0,0,0,1,0,0,0,27,28.6,0.8,2.0,3.1,0.00,0.01,0.01,1.06,11,9,2,3,28,TOT,true
3,472,89,1,8,0,0,1,0,0,0,0,0,0,0,0,25,17.8,1.2,10.0,2.9,0.17,0.00,0.17,1.06,10,6,4,4,28,TOT,true
3,473,58,1,1,0,0,0,0,0,0,0,0,0,0,0,8,13.0,0.5,0.0,1.4,0.00,0.00,0.00,0.81,7,2,5,4,28,TOT,true
3,474,90,1,8,0,0,1,0,0,0,0,0,0,0,0,24,20.0,0.7,1.0,2.2,0.03,0.01,0.04,1.06,12,10,2,2,28,TOT,true
3,475,0,0,0,0,0,0,0,0,0,0,0,0,0,0,0,0.0,0.0,0.0,0.0,0.00,0.00,0.00,0.00,0,0,0,0,28,TOT,true
3,476,0,0,0,0,0,0,0,0,0,0,0,0,0,0,0,0.0,0.0,0.0,0.0,0.00,0.00,0.00,0.00,0,0,0,0,28,TOT,true
3,477,0,0,0,0,0,0,0,0,0,0,0,0,0,0,0,0.0,0.0,0.0,0.0,0.00,0.00,0.00,0.00,0,0,0,0,28,TOT,true
3,478,0,0,0,0,0,0,0,0,0,0,0,0,0,0,0,0.0,0.0,0.0,0.0,0.00,0.00,0.00,0.00,0,0,0,0,28,TOT,true
3,479,0,0,0,0,0,0,0,0,0,0,0,0,0,0,0,0.0,0.0,0.0,0.0,0.00,0.00,0.00,0.00,0,0,0,0,28,TOT,true
3,480,90,1,3,0,0,1,0,0,0,0,0,0,0,0,3,5.6,3.0,13.0,2.2,0.48,0.01,0.49,1.06,7,0,2,5,28,TOT,true
3,481,90,1,3,0,0,1,0,0,0,0,0,0,0,0,23,26.6,28.1,5.0,6.0,0.02,0.17,0.19,1.37,11,4,1,6,26,COV,true
3,482,0,0,0,0,0,0,0,0,0,0,0,0,0,0,0,0.0,0.0,0.0,0.0,0.00,0.00,0.00,0.00,0,0,0,0,28,TOT,true
3,483,58,1,1,0,0,0,0,0,0,0,0,0,0,0,5,0.4,0.3,0.0,0.1,0.00,0.00,0.00,0.81,5,0,1,4,28,TOT,true
3,484,0,0,0,0,0,0,0,0,0,0,0,0,0,0,0,0.0,0.0,0.0,0.0,0.00,0.00,0.00,0.00,0,0,0,0,28,TOT,true
3,485,0,0,0,0,0,0,0,0,0,0,0,0,0,0,0,0.0,0.0,0.0,0.0,0.00,0.00,0.00,0.00,0,0,0,0,28,TOT,true
3,486,90,1,2,0,0,1,0,0,0,0,1,0,0,0,22,14.2,59.5,10.0,8.4,0.13,0.22,0.35,1.06,7,0,3,4,28,TOT,true
3,487,0,0,0,0,0,0,0,0,0,0,0,0,0,0,0,0.0,0.0,0.0,0.0,0.00,0.00,0.00,0.00,0,0,0,0,28,TOT,true
3,488,0,0,0,0,0,0,0,0,0,0,0,0,0,0,0,0.0,0.0,0.0,0.0,0.00,0.00,0.00,0.00,0,0,0,0,28,TOT,true
3,489,0,0,0,0,0,0,0,0,0,0,0,0,0,0,0,0.0,0.0,0.0,0.0,0.00,0.00,0.00,0.00,0,0,0,0,28,TOT,true
3,490,16,0,1,0,0,0,0,0,0,0,0,0,0,0,3,0.2,0.1,0.0,0.0,0.00,0.00,0.00,0.18,0,0,0,0,28,TOT,true
3,491,31,0,1,0,0,0,0,0,0,0,0,0,0,0,3,1.2,0.4,0.0,0.2,0.00,0.00,0.00,0.26,1,0,1,0,28,TOT,true
3,492,70,1,2,0,0,0,1,0,0,0,0,0,0,0,6,3.6,10.3,3.0,1.7,0.31,0.00,0.31,1.17,5,2,0,3,26,MCI,false
3,493,0,0,0,0,0,0,0,0,0,0,0,0,0,0,0,0.0,0.0,0.0,0.0,0.00,0.00,0.00,0.00,0,0,0,0,28,TOT,true
3,494,0,0,0,0,0,0,0,0,0,0,0,0,0,0,0,0.0,0.0,0.0,0.0,0.00,0.00,0.00,0.00,0,0,0,0,28,NFO,false
3,495,0,0,0,0,0,0,0,0,0,0,0,0,0,0,0,0.0,0.0,0.0,0.0,0.00,0.00,0.00,0.00,0,0,0,0,28,NFO,false
3,496,90,1,6,0,0,1,0,0,0,0,0,0,1,0,24,10.4,10.0,0.0,2.0,0.00,0.00,0.00,0.92,0,2,0,8,28,NFO,false
3,497,0,0,0,0,0,0,0,0,0,0,0,0,0,0,0,0.0,0.0,0.0,0.0,0.00,0.00,0.00,0.00,0,0,0,0,28,NFO,false
3,498,0,0,0,0,0,0,0,0,0,0,0,0,0,0,0,0.0,0.0,0.0,0.0,0.00,0.00,0.00,0.00,0,0,0,0,28,NFO,false
3,499,90,1,7,0,0,1,0,0,0,0,0,0,0,1,28,13.2,35.8,6.0,5.5,0.03,0.06,0.09,0.92,4,3,1,3,28,NFO,false
3,500,0,0,0,0,0,0,0,0,0,0,0,0,0,0,0,0.0,0.0,0.0,0.0,0.00,0.00,0.00,0.00,0,0,0,0,28,NFO,false
3,501,90,1,2,0,0,0,1,0,0,0,0,0,0,0,9,20.8,10.9,0.0,3.2,0.00,0.08,0.08,1.21,8,7,1,3,22,BRE,false
3,502,29,0,1,0,0,0,0,0,0,0,0,0,0,0,3,6.0,0.3,0.0,0.6,0.00,0.00,0.00,0.43,1,1,0,1,28,NFO,false
3,503,90,1,9,0,0,1,0,0,0,0,0,0,0,3,30,21.4,1.2,14.0,3.7,0.57,0.00,0.57,0.92,9,6,3,4,28,NFO,false
3,504,90,1,12,1,0,0,1,0,0,0,0,0,0,2,27,56.2,1.8,40.0,9.8,0.19,0.01,0.20,2.49,10,8,2,4,23,LEE,true
3,505,0,0,0,0,0,0,0,0,0,0,0,0,0,0,0,0.0,0.0,0.0,0.0,0.00,0.00,0.00,0.00,0,0,0,0,28,NFO,false
3,506,60,1,5,0,0,1,0,0,0,0,1,0,0,0,16,4.6,1.3,2.0,0.8,0.00,0.02,0.02,0.49,3,3,0,1,28,NFO,false
3,507,0,0,0,0,0,0,0,0,0,0,0,0,0,0,0,0.0,0.0,0.0,0.0,0.00,0.00,0.00,0.00,0,0,0,0,28,NFO,false
3,508,0,0,0,0,0,0,0,0,0,0,0,0,0,0,0,0.0,0.0,0.0,0.0,0.00,0.00,0.00,0.00,0,0,0,0,28,NFO,false
3,509,0,0,0,0,0,0,0,0,0,0,0,0,0,0,0,0.0,0.0,0.0,0.0,0.00,0.00,0.00,0.00,0,0,0,0,28,NFO,false
3,510,0,0,0,0,0,0,0,0,0,0,0,0,0,0,0,0.0,0.0,0.0,0.0,0.00,0.00,0.00,0.00,0,0,0,0,28,NFO,false
3,511,0,0,0,0,0,0,0,0,0,0,0,0,0,0,0,0.0,0.0,0.0,0.0,0.00,0.00,0.00,0.00,0,0,0,0,28,NFO,false
3,512,29,0,1,0,0,0,0,0,0,0,0,0,0,0,13,5.2,15.1,2.0,2.2,0.00,0.16,0.16,0.43,3,0,0,3,28,NFO,false
3,513,0,0,0,0,0,0,0,0,0,0,0,0,0,0,0,0.0,0.0,0.0,0.0,0.00,0.00,0.00,0.00,0,0,0,0,28,NFO,false
3,514,73,1,3,0,0,1,0,0,0,0,0,0,0,0,11,6.8,20.2,20.0,4.7,0.00,0.05,0.05,0.76,2,0,0,2,28,NFO,false
3,515,0,0,0,0,0,0,0,0,0,0,0,0,0,0,0,0.0,0.0,0.0,0.0,0.00,0.00,0.00,0.00,0,0,0,0,28,NFO,false
3,516,90,1,5,0,0,1,0,0,0,0,0,0,0,0,14,18.4,3.3,6.0,2.8,0.02,0.01,0.03,0.92,17,11,1,5,28,NFO,false
3,517,0,0,0,0,0,0,0,0,0,0,0,0,0,0,0,0.0,0.0,0.0,0.0,0.00,0.00,0.00,0.00,0,0,0,0,28,NFO,false
3,518,0,0,0,0,0,0,0,0,0,0,0,0,0,0,0,0.0,0.0,0.0,0.0,0.00,0.00,0.00,0.00,0,0,0,0,28,NFO,false
3,519,83,1,3,0,0,1,0,0,0,0,0,0,0,0,23,10.2,4.4,2.0,1.7,0.00,0.06,0.06,0.88,11,1,4,6,28,NFO,false
3,520,0,0,0,0,0,0,0,0,0,0,0,0,0,0,0,0.0,0.0,0.0,0.0,0.00,0.00,0.00,0.00,0,0,0,0,28,NFO,false
3,521,0,0,0,0,0,0,0,0,0,0,0,0,0,0,0,0.0,0.0,0.0,0.0,0.00,0.00,0.00,0.00,0,0,0,0,28,NFO,false
3,522,0,0,0,0,0,0,0,0,0,0,0,0,0,0,0,0.0,0.0,0.0,0.0,0.00,0.00,0.00,0.00,0,0,0,0,28,NFO,false
3,523,0,0,0,0,0,0,0,0,0,0,0,0,0,0,0,0.0,0.0,0.0,0.0,0.00,0.00,0.00,0.00,0,0,0,0,28,NFO,false
3,524,0,0,0,0,0,0,0,0,0,0,0,0,0,0,0,0.0,0.0,0.0,0.0,0.00,0.00,0.00,0.00,0,0,0,0,28,NFO,false
3,525,7,0,0,0,0,0,0,0,0,0,1,0,0,0,-1,0.0,0.4,0.0,0.0,0.00,0.00,0.00,0.04,0,0,0,0,28,NFO,false
3,526,6,0,1,0,0,0,0,0,0,0,0,0,0,0,-1,0.0,0.3,4.0,0.4,0.17,0.00,0.17,0.04,1,1,0,0,28,NFO,false
3,527,0,0,0,0,0,0,0,0,0,0,0,0,0,0,0,0.0,0.0,0.0,0.0,0.00,0.00,0.00,0.00,0,0,0,0,28,NFO,false
3,528,0,0,0,0,0,0,0,0,0,0,0,0,0,0,0,0.0,0.0,0.0,0.0,0.00,0.00,0.00,0.00,0,0,0,0,28,NFO,false
3,529,90,1,2,0,0,0,1,0,0,0,0,0,1,0,11,12.6,0.0,0.0,1.3,0.00,0.00,0.00,1.21,0,1,0,13,22,BRE,false
3,530,0,0,0,0,0,0,0,0,0,0,0,0,0,0,0,0.0,0.0,0.0,0.0,0.00,0.00,0.00,0.00,0,0,0,0,22,BRE,false
3,531,0,0,0,0,0,0,0,0,0,0,0,0,0,0,0,0.0,0.0,0.0,0.0,0.00,0.00,0.00,0.00,0,0,0,0,22,BRE,false
3,532,90,1,4,0,0,0,1,0,0,0,0,0,0,0,12,25.0,10.3,8.0,4.3,0.06,0.14,0.20,1.21,10,8,2,5,22,BRE,false
3,533,90,1,4,0,0,0,1,0,0,0,0,0,0,0,16,32.4,5.0,0.0,3.7,0.00,0.02,0.02,1.21,14,10,4,6,22,BRE,false
3,534,26,0,1,0,0,0,0,0,0,0,0,0,0,0,8,3.8,0.1,0.0,0.4,0.00,0.00,0.00,0.45,2,0,2,2,22,BRE,false
3,535,0,0,0,0,0,0,0,0,0,0,0,0,0,0,0,0.0,0.0,0.0,0.0,0.00,0.00,0.00,0.00,0,0,0,0,22,BRE,false
3,536,90,1,2,0,0,0,1,0,0,0,0,0,0,0,14,14.4,1.5,0.0,1.6,0.00,0.01,0.01,1.21,7,4,3,7,22,BRE,false
3,537,0,0,0,0,0,0,0,0,0,0,0,0,0,0,0,0.0,0.0,0.0,0.0,0.00,0.00,0.00,0.00,0,0,0,0,22,BRE,false
3,538,0,0,0,0,0,0,0,0,0,0,0,0,0,0,0,0.0,0.0,0.0,0.0,0.00,0.00,0.00,0.00,0,0,0,0,22,BRE,false
3,539,0,0,0,0,0,0,0,0,0,0,0,0,0,0,0,0.0,0.0,0.0,0.0,0.00,0.00,0.00,0.00,0,0,0,0,22,BRE,false
3,540,0,0,0,0,0,0,0,0,0,0,0,0,0,0,0,0.0,0.0,0.0,0.0,0.00,0.00,0.00,0.00,0,0,0,0,22,BRE,false
3,541,63,1,2,0,0,0,1,0,0,0,0,0,0,0,0,5.2,1.5,6.0,1.3,0.11,0.00,0.11,0.76,2,2,0,0,22,BRE,false
3,542,90,1,8,1,0,0,1,0,0,0,0,0,0,1,25,40.0,3.7,24.0,6.8,0.84,0.03,0.87,1.21,6,0,4,2,22,BRE,false
3,543,0,0,0,0,0,0,0,0,0,0,0,0,0,0,0,0.0,0.0,0.0,0.0,0.00,0.00,0.00,0.00,0,0,0,0,22,BRE,false
3,544,90,1,3,0,0,0,1,0,0,0,1,0,0,0,12,15.2,20.5,3.0,3.9,0.06,0.12,0.18,1.21,15,4,2,9,22,BRE,false
3,545,73,1,1,0,0,0,1,0,0,0,1,0,0,0,16,8.8,15.0,48.0,7.2,0.28,0.18,0.46,0.82,3,0,0,3,22,BRE,false
3,546,0,0,0,0,0,0,0,0,0,0,0,0,0,0,0,0.0,0.0,0.0,0.0,0.00,0.00,0.00,0.00,0,0,0,0,22,BRE,false
3,547,0,0,0,0,0,0,0,0,0,0,0,0,0,0,0,0.0,0.0,0.0,0.0,0.00,0.00,0.00,0.00,0,0,0,0,22,BRE,false
3,548,0,0,0,0,0,0,0,0,0,0,0,0,0,0,0,0.0,0.0,0.0,0.0,0.00,0.00,0.00,0.00,0,0,0,0,22,BRE,false
3,549,0,0,0,0,0,0,0,0,0,0,0,0,0,0,0,0.0,0.0,0.0,0.0,0.00,0.00,0.00,0.00,0,0,0,0,22,BRE,false
3,550,0,0,0,0,0,0,0,0,0,0,0,0,0,0,0,0.0,0.0,0.0,0.0,0.00,0.00,0.00,0.00,0,0,0,0,22,BRE,false
3,551,63,1,2,0,0,0,1,0,0,0,0,0,0,0,11,8.6,5.7,16.0,3.0,0.00,0.07,0.07,0.76,5,1,1,3,22,BRE,false
3,552,90,1,2,0,0,0,1,0,0,0,0,0,0,0,11,4.4,37.1,29.0,7.1,0.26,0.06,0.32,1.21,3,0,0,3,22,BRE,false
3,553,26,0,4,0,1,0,0,0,0,0,0,0,0,0,15,0.2,0.3,10.0,1.1,0.10,0.01,0.11,0.45,2,0,0,2,22,BRE,false
3,554,0,0,0,0,0,0,0,0,0,0,0,0,0,0,0,0.0,0.0,0.0,0.0,0.00,0.00,0.00,0.00,0,0,0,0,21,LIV,true
3,555,0,0,0,0,0,0,0,0,0,0,0,0,0,0,0,0.0,0.0,0.0,0.0,0.00,0.00,0.00,0.00,0,0,0,0,24,FUL,false
3,556,0,0,0,0,0,0,0,0,0,0,0,0,0,0,0,0.0,0.0,0.0,0.0,0.00,0.00,0.00,0.00,0,0,0,0,25,AVL,true
3,557,90,1,5,0,1,0,1,0,0,0,1,0,0,1,31,30.6,50.0,4.0,8.5,0.00,0.20,0.20,0.39,8,2,1,5,29,CHE,true
3,558,90,1,3,0,0,1,0,0,0,0,0,0,0,0,18,11.2,2.3,1.0,1.5,0.03,0.06,0.09,1.06,10,3,4,3,28,TOT,true
3,559,0,0,0,0,0,0,0,0,0,0,0,0,0,0,0,0.0,0.0,0.0,0.0,0.00,0.00,0.00,0.00,0,0,0,0,27,BOU,true
3,560,0,0,0,0,0,0,0,0,0,0,0,0,0,0,0,0.0,0.0,0.0,0.0,0.00,0.00,0.00,0.00,0,0,0,0,29,ARS,false
3,561,0,0,0,0,0,0,0,0,0,0,0,0,0,0,0,0.0,0.0,0.0,0.0,0.00,0.00,0.00,0.00,0,0,0,0,29,ARS,false
3,562,65,1,2,0,0,0,2,0,0,0,0,0,0,0,9,8.2,0.1,17.0,2.5,0.04,0.00,0.04,0.62,5,2,2,1,21,LIV,true
3,563,0,0,0,0,0,0,0,0,0,0,0,0,0,0,0,0.0,0.0,0.0,0.0,0.00,0.00,0.00,0.00,0,0,0,0,25,AVL,true
3,564,90,1,2,0,0,0,2,0,0,0,0,0,5,0,13,27.8,0.0,0.0,2.8,0.00,0.00,0.00,0.69,0,0,0,7,21,LIV,true
3,565,45,1,0,0,0,0,0,0,0,0,1,0,0,0,0,0.0,1.3,8.0,0.6,0.15,0.01,0.16,0.35,5,1,1,3,22,SUN,true
3,566,90,1,1,0,0,0,2,0,0,0,0,0,0,0,8,23.8,1.2,17.0,4.2,0.02,0.01,0.03,0.71,8,7,1,2,27,NEW,false
3,567,90,1,2,0,0,0,2,0,0,0,0,0,4,0,12,33.4,0.0,0.0,3.3,0.00,0.00,0.00,1.37,0,0,0,6,27,BOU,true
3,568,0,0,0,0,0,0,0,0,0,0,0,0,0,0,0,0.0,0.0,0.0,0.0,0.00,0.00,0.00,0.00,0,0,0,0,29,ARS,false
3,569,90,1,2,0,0,0,3,0,0,0,0,0,0,0,10,5.8,14.0,39.0,5.9,0.44,0.20,0.64,1.97,7,3,1,3,24,CRY,true
3,570,60,1,8,1,0,0,2,0,0,0,0,0,0,1,27,33.8,13.7,51.0,9.9,0.80,0.02,0.82,1.14,0,0,0,0,24,CRY,true
3,571,0,0,0,0,0,0,0,0,0,0,0,0,0,0,0,0.0,0.0,0.0,0.0,0.00,0.00,0.00,0.00,0,0,0,0,21,LIV,true
3,572,90,1,6,0,0,1,0,0,0,0,0,0,1,0,25,11.6,0.0,0.0,1.2,0.00,0.00,0.00,1.93,0,0,0,10,25,AVL,true
3,573,0,0,0,0,0,0,0,0,0,0,0,0,0,0,0,0.0,0.0,0.0,0.0,0.00,0.00,0.00,0.00,0,0,0,0,27,NEW,false
3,574,8,0,1,0,0,0,0,0,0,0,0,0,0,0,4,0.0,0.0,0.0,0.0,0.00,0.00,0.00,0.00,1,0,0,1,25,AVL,true
3,575,27,0,1,0,0,0,0,0,0,0,0,0,0,0,4,1.0,0.3,0.0,0.1,0.00,0.00,0.00,0.95,6,2,0,4,26,MCI,false
3,576,62,1,3,0,0,1,0,0,0,0,0,0,0,0,5,0.0,11.8,4.0,1.4,0.04,0.01,0.05,1.81,2,0,0,2,25,AVL,true
3,577,0,0,0,0,0,0,0,0,0,0,0,0,0,0,0,0.0,0.0,0.0,0.0,0.00,0.00,0.00,0.00,0,0,0,0,24,FUL,false
3,578,16,0,1,0,0,0,0,0,0,0,0,0,0,0,3,0.0,0.1,2.0,0.1,0.00,0.00,0.00,0.16,0,0,0,0,28,NFO,false
3,579,90,1,8,0,0,1,0,0,0,0,0,0,0,0,27,20.0,2.4,2.0,2.4,0.00,0.01,0.01,0.75,10,9,1,1,21,IPS,false
3,580,78,1,2,0,0,0,3,0,0,0,0,0,0,0,18,12.4,35.2,8.0,5.6,0.00,0.09,0.09,1.97,11,3,0,8,24,CRY,true
3,581,1,0,1,0,0,0,0,0,0,0,0,0,0,0,3,0.0,0.0,0.0,0.0,0.00,0.00,0.00,0.00,0,0,0,0,28,TOT,true
3,582,0,0,0,0,0,0,0,0,0,0,0,0,0,0,0,0.0,0.0,0.0,0.0,0.00,0.00,0.00,0.00,0,0,0,0,25,HUL,false
3,583,30,0,1,0,0,0,0,0,0,0,0,0,0,0,2,2.4,2.0,4.0,0.8,0.00,0.00,0.00,0.14,2,1,1,1,29,ARS,false
3,584,5,0,1,0,0,0,0,0,0,0,0,0,0,0,1,0.0,0.0,0.0,0.0,0.00,0.00,0.00,0.00,2,0,1,1,26,MCI,false
3,585,19,0,1,0,0,0,0,0,0,0,0,0,0,0,2,6.6,0.1,0.0,0.7,0.00,0.00,0.00,0.12,2,1,1,1,25,AVL,true
3,586,70,1,8,0,0,1,0,0,0,0,0,0,0,0,22,16.2,0.6,14.0,3.1,0.03,0.00,0.03,1.81,10,7,3,2,25,AVL,true
3,587,0,0,0,0,0,0,0,0,0,0,0,0,0,0,0,0.0,0.0,0.0,0.0,0.00,0.00,0.00,0.00,0,0,0,0,26,COV,true
3,588,90,1,3,0,0,0,2,0,0,0,0,0,0,0,6,21.6,2.3,8.0,3.2,0.72,0.01,0.73,3.14,10,7,3,3,24,FUL,false
3,589,81,1,2,0,0,1,0,0,0,0,1,0,0,0,7,13.4,21.6,0.0,3.5,0.00,0.01,0.01,1.93,10,4,1,5,25,AVL,true
3,590,0,0,0,0,0,0,0,0,0,0,0,0,0,0,0,0.0,0.0,0.0,0.0,0.00,0.00,0.00,0.00,0,0,0,0,28,TOT,true
3,591,90,1,1,0,0,0,2,0,0,0,1,0,0,0,16,10.2,22.5,23.0,5.6,0.24,0.02,0.26,0.69,5,2,0,3,21,LIV,true
3,592,12,0,1,0,0,0,0,0,0,0,0,0,0,0,4,3.6,14.0,0.0,1.8,0.00,0.02,0.02,0.00,0,0,0,2,21,LIV,true
3,593,90,1,1,0,0,0,2,0,0,0,0,0,0,0,3,0.6,6.4,10.0,1.7,0.11,0.02,0.13,1.37,1,1,0,4,27,BOU,true
3,594,13,0,0,0,0,0,0,0,0,0,1,0,0,0,-7,0.0,0.0,4.0,0.0,0.42,0.00,0.42,0.10,0,0,0,0,23,LEE,true
3,595,0,0,0,0,0,0,0,0,0,0,0,0,0,0,0,0.0,0.0,0.0,0.0,0.00,0.00,0.00,0.00,0,0,0,0,24,FUL,false
3,596,15,0,1,0,0,0,0,0,0,0,0,0,0,0,3,2.6,2.6,0.0,0.5,0.00,0.01,0.01,0.35,1,1,0,2,25,HUL,false
3,597,90,1,10,0,0,1,0,0,0,0,0,0,4,3,38,27.2,0.0,0.0,2.7,0.00,0.00,0.00,0.57,0,1,0,13,25,HUL,false
3,598,90,1,4,0,0,0,1,0,0,0,0,0,0,0,12,27.6,21.1,6.0,5.5,0.00,0.57,0.57,2.19,10,10,0,0,23,BHA,false
3,599,0,0,0,0,0,0,0,0,0,0,0,0,0,0,0,0.0,0.0,0.0,0.0,0.00,0.00,0.00,0.00,0,0,0,0,26,MCI,false
3,600,0,0,0,0,0,0,0,0,0,0,0,0,0,0,0,0.0,0.0,0.0,0.0,0.00,0.00,0.00,0.00,0,0,0,0,23,LEE,true
3,601,0,0,0,0,0,0,0,0,0,0,0,0,0,0,0,0.0,0.0,0.0,0.0,0.00,0.00,0.00,0.00,0,0,0,0,28,NFO,false
3,602,0,0,0,0,0,0,0,0,0,0,0,0,0,0,0,0.0,0.0,0.0,0.0,0.00,0.00,0.00,0.00,0,0,0,0,21,LIV,true
3,603,0,0,0,0,0,0,0,0,0,0,0,0,0,0,0,0.0,0.0,0.0,0.0,0.00,0.00,0.00,0.00,0,0,0,0,23,BHA,false
3,604,0,0,0,0,0,0,0,0,0,0,0,0,0,0,0,0.0,0.0,0.0,0.0,0.00,0.00,0.00,0.00,0,0,0,0,23,BHA,false
3,605,90,1,2,0,0,0,1,0,0,0,0,0,0,0,16,8.2,24.4,20.0,5.3,0.05,0.09,0.14,2.49,5,2,0,3,23,LEE,true
3,606,0,0,0,0,0,0,0,0,0,0,0,0,0,0,0,0.0,0.0,0.0,0.0,0.00,0.00,0.00,0.00,0,0,0,0,25,HUL,false
3,607,0,0,0,0,0,0,0,0,0,0,0,0,0,0,0,0.0,0.0,0.0,0.0,0.00,0.00,0.00,0.00,0,0,0,0,25,HUL,false
3,608,1,0,1,0,0,0,0,0,0,0,0,0,0,0,4,0.0,0.0,0.0,0.0,0.00,0.00,0.00,0.05,0,0,0,0,27,NEW,false
3,609,0,0,0,0,0,0,0,0,0,0,0,0,0,0,0,0.0,0.0,0.0,0.0,0.00,0.00,0.00,0.00,0,0,0,0,27,BOU,true
3,610,0,0,0,0,0,0,0,0,0,0,0,0,0,0,0,0.0,0.0,0.0,0.0,0.00,0.00,0.00,0.00,0,0,0,0,24,CRY,true
3,611,5,0,1,0,0,0,0,0,0,0,0,0,0,0,3,2.8,0.9,0.0,0.4,0.00,0.00,0.00,0.35,1,1,0,0,25,HUL,false
3,612,0,0,0,0,0,0,0,0,0,0,0,0,0,0,0,0.0,0.0,0.0,0.0,0.00,0.00,0.00,0.00,0,0,0,0,22,BRE,false
3,613,0,0,0,0,0,0,0,0,0,0,0,0,0,0,0,0.0,0.0,0.0,0.0,0.00,0.00,0.00,0.00,0,0,0,0,22,BRE,false
3,614,0,0,0,0,0,0,0,0,0,0,0,0,0,0,0,0.0,0.0,0.0,0.0,0.00,0.00,0.00,0.00,0,0,0,0,23,LEE,true
3,615,0,0,0,0,0,0,0,0,0,0,0,0,0,0,0,0.0,0.0,0.0,0.0,0.00,0.00,0.00,0.00,0,0,0,0,27,NEW,false
3,616,14,0,1,0,0,0,0,0,0,0,0,0,0,0,5,11.2,0.5,0.0,1.2,0.00,0.00,0.00,0.37,5,2,0,3,26,COV,true
3,617,8,0,1,0,0,0,0,0,0,0,0,0,0,0,5,3.0,0.0,17.0,2.0,0.05,0.00,0.05,0.00,0,0,0,0,25,AVL,true
3,618,0,0,0,0,0,0,0,0,0,0,0,0,0,0,0,0.0,0.0,0.0,0.0,0.00,0.00,0.00,0.00,0,0,0,0,25,HUL,false
3,619,77,1,4,0,0,0,2,0,0,0,0,0,0,0,24,20.2,22.5,0.0,4.3,0.00,0.02,0.02,0.69,19,3,4,12,21,LIV,true
3,620,0,0,0,0,0,0,0,0,0,0,0,0,0,0,0,0.0,0.0,0.0,0.0,0.00,0.00,0.00,0.00,0,0,0,0,22,SUN,true
3,621,3,0,1,0,0,0,0,0,0,0,0,0,0,0,5,5.2,0.0,2.0,0.7,0.00,0.00,0.00,0.02,4,0,2,2,26,COV,true
3,622,0,0,0,0,0,0,0,0,0,0,0,0,0,0,0,0.0,0.0,0.0,0.0,0.00,0.00,0.00,0.00,0,0,0,0,26,COV,true
3,623,0,0,0,0,0,0,0,0,0,0,0,0,0,0,0,0.0,0.0,0.0,0.0,0.00,0.00,0.00,0.00,0,0,0,0,26,MCI,false
3,624,0,0,0,0,0,0,0,0,0,0,0,0,0,0,0,0.0,0.0,0.0,0.0,0.00,0.00,0.00,0.00,0,0,0,0,23,LEE,true
3,625,0,0,0,0,0,0,0,0,0,0,0,0,0,0,0,0.0,0.0,0.0,0.0,0.00,0.00,0.00,0.00,0,0,0,0,23,BHA,false
3,626,0,0,0,0,0,0,0,0,0,0,0,0,0,0,0,0.0,0.0,0.0,0.0,0.00,0.00,0.00,0.00,0,0,0,0,24,CRY,true
3,627,26,0,1,0,0,0,0,0,0,0,0,0,0,0,5,3.0,10.5,2.0,1.6,0.00,0.07,0.07,0.17,0,0,0,0,21,IPS,false
3,628,0,0,0,0,0,0,0,0,0,0,0,0,0,0,0,0.0,0.0,0.0,0.0,0.00,0.00,0.00,0.00,0,0,0,0,26,COV,true
3,629,0,0,0,0,0,0,0,0,0,0,0,0,0,0,0,0.0,0.0,0.0,0.0,0.00,0.00,0.00,0.00,0,0,0,0,23,BHA,false
3,630,0,0,0,0,0,0,0,0,0,0,0,0,0,0,0,0.0,0.0,0.0,0.0,0.00,0.00,0.00,0.00,0,0,0,0,25,HUL,false
3,631,0,0,0,0,0,0,0,0,0,0,0,0,0,0,0,0.0,0.0,0.0,0.0,0.00,0.00,0.00,0.00,0,0,0,0,25,HUL,false
3,632,0,0,0,0,0,0,0,0,0,0,0,0,0,0,0,0.0,0.0,0.0,0.0,0.00,0.00,0.00,0.00,0,0,0,0,25,AVL,true
3,633,0,0,0,0,0,0,0,0,0,0,0,0,0,0,0,0.0,0.0,0.0,0.0,0.00,0.00,0.00,0.00,0,0,0,0,24,FUL,false
3,634,27,0,1,0,0,0,0,0,0,0,0,0,0,0,4,0.0,0.8,6.0,0.7,0.00,0.00,0.00,0.04,1,0,0,1,27,BOU,true
3,635,11,0,1,0,0,0,0,0,0,0,0,0,0,0,3,3.6,1.3,9.0,1.4,0.13,0.22,0.35,0.00,1,0,1,0,24,CRY,true
3,636,0,0,0,0,0,0,0,0,0,0,0,0,0,0,0,0.0,0.0,0.0,0.0,0.00,0.00,0.00,0.00,0,0,0,0,24,CRY,true
3,637,0,0,0,0,0,0,0,0,0,0,0,0,0,0,0,0.0,0.0,0.0,0.0,0.00,0.00,0.00,0.00,0,0,0,0,25,AVL,true
3,638,26,0,1,0,0,0,0,0,0,0,0,0,0,0,3,2.2,0.3,2.0,0.5,0.00,0.00,0.00,0.12,1,1,0,2,25,AVL,true
3,639,0,0,0,0,0,0,0,0,0,0,0,0,0,0,0,0.0,0.0,0.0,0.0,0.00,0.00,0.00,0.00,0,0,0,0,23,LEE,true
3,640,24,0,1,0,0,0,0,0,0,0,0,0,0,0,4,3.2,0.5,7.0,1.1,0.02,0.01,0.03,0.06,0,0,0,0,21,LIV,true
3,641,0,0,0,0,0,0,0,0,0,0,0,0,0,0,0,0.0,0.0,0.0,0.0,0.00,0.00,0.00,0.00,0,0,0,0,23,BHA,false
3,642,27,0,1,0,0,0,0,0,0,0,0,0,0,0,5,3.2,10.8,0.0,1.4,0.00,0.04,0.04,0.12,1,0,0,1,25,AVL,true
3,643,16,0,7,1,0,0,0,0,0,0,0,0,0,0,20,33.2,0.7,17.0,5.1,0.15,0.00,0.15,0.57,0,0,0,0,24,FUL,false
3,644,73,1,2,0,0,0,2,0,0,0,0,0,0,0,8,4.2,0.2,1.0,0.5,0.02,0.00,0.02,2.57,6,2,1,3,24,FUL,false
3,645,0,0,0,0,0,0,0,0,0,0,0,0,0,0,0,0.0,0.0,0.0,0.0,0.00,0.00,0.00,0.00,0,0,0,0,25,AVL,true
3,646,16,0,1,0,0,0,0,0,0,0,0,0,0,0,3,0.0,0.5,0.0,0.1,0.00,0.00,0.00,0.39,0,0,0,0,22,BRE,false
3,647,1,0,1,0,0,0,0,0,0,0,0,0,0,0,2,2.0,0.3,0.0,0.2,0.00,0.00,0.00,0.13,1,0,1,0,24,FUL,false
3,648,0,0,0,0,0,0,0,0,0,0,0,0,0,0,0,0.0,0.0,0.0,0.0,0.00,0.00,0.00,0.00,0,0,0,0,23,BHA,false
3,649,13,0,7,1,0,0,1,0,0,0,0,0,0,0,13,33.4,0.8,7.0,4.1,0.03,0.00,0.03,0.29,0,0,0,0,30,MUN,true
3,650,0,0,0,0,0,0,0,0,0,0,0,0,0,0,0,0.0,0.0,0.0,0.0,0.00,0.00,0.00,0.00,0,0,0,0,24,CRY,true
3,651,0,0,0,0,0,0,0,0,0,0,0,0,0,0,0,0.0,0.0,0.0,0.0,0.00,0.00,0.00,0.00,0,0,0,0,22,BRE,false
3,652,0,0,0,0,0,0,0,0,0,0,0,0,0,0,0,0.0,0.0,0.0,0.0,0.00,0.00,0.00,0.00,0,0,0,0,23,LEE,true
3,653,0,0,0,0,0,0,0,0,0,0,0,0,0,0,0,0.0,0.0,0.0,0.0,0.00,0.00,0.00,0.00,0,0,0,0,26,COV,true
3,654,0,0,0,0,0,0,0,0,0,0,0,0,0,0,0,0.0,0.0,0.0,0.0,0.00,0.00,0.00,0.00,0,0,0,0,30,MUN,true
